-- phpMyAdmin SQL Dump
-- version 5.2.0
-- https://www.phpmyadmin.net/
--
-- Host: 127.0.0.1
-- Waktu pembuatan: 27 Agu 2023 pada 15.21
-- Versi server: 10.4.24-MariaDB
-- Versi PHP: 7.4.29

SET SQL_MODE = "NO_AUTO_VALUE_ON_ZERO";
START TRANSACTION;
SET time_zone = "+00:00";


/*!40101 SET @OLD_CHARACTER_SET_CLIENT=@@CHARACTER_SET_CLIENT */;
/*!40101 SET @OLD_CHARACTER_SET_RESULTS=@@CHARACTER_SET_RESULTS */;
/*!40101 SET @OLD_COLLATION_CONNECTION=@@COLLATION_CONNECTION */;
/*!40101 SET NAMES utf8mb4 */;

--
-- Database: `absen`
--

-- --------------------------------------------------------

--
-- Struktur dari tabel `tb_absensi`
--

CREATE TABLE `tb_absensi` (
  `id` int(11) NOT NULL,
  `kelas` varchar(50) DEFAULT NULL,
  `tanggal` date DEFAULT NULL,
  `nama_guru` varchar(100) DEFAULT NULL,
  `status_absen` varchar(50) DEFAULT NULL,
  `keterangan` text DEFAULT NULL
) ENGINE=InnoDB DEFAULT CHARSET=latin1;

--
-- Dumping data untuk tabel `tb_absensi`
--

INSERT INTO `tb_absensi` (`id`, `kelas`, `tanggal`, `nama_guru`, `status_absen`, `keterangan`) VALUES
(9, 'XII AKL 1', '2023-08-07', 'Maryanah, S.Pd.', 'Hadir', ''),
(10, 'XII AKL 1', '2023-08-07', 'Dzuli Kamala, M.Pd.I', 'Sakit', 'Sakit Kepala'),
(11, 'XII AKL 1', '2023-08-07', 'Hj. Zahria Hadiyati, S.Pd', 'Ijin', 'Keluar Kota'),
(12, 'XII AKL 1', '2023-08-07', 'Diah Indri Safitri, S.Pd', 'Alpa', ''),
(19, 'XII AKL 2', '2023-08-14', 'Sumiyati, S.Pd', 'Hadir', ''),
(20, 'XII AKL 2', '2023-08-14', 'Yunita Sari, S.Pd', 'Alpa', ''),
(22, 'XII AKL 1', '2023-08-14', 'Maryanah, S.Pd.', 'Hadir', ''),
(24, 'XII AKL 1', '2023-08-14', 'Hj. Zahria Hadiyati, S.Pd', 'Alpa', ''),
(25, 'XII AKL 1', '2023-08-14', 'Diah Indri Safitri, S.Pd', 'Ijin', 'Keluar Kota'),
(29, 'XII AKL 3', '2023-08-14', 'Dina Sundari, S.Pd', 'Hadir', ''),
(30, 'XII AKL 3', '2023-08-14', 'Cucu Herlina S.Pd', 'Sakit', ''),
(31, 'XII AKL 3', '2023-08-14', 'Dzuli Kamala, M.Pd.I', 'Hadir', ''),
(36, 'XII AKL 4', '2023-08-14', 'Agustina Damayanti, S.Pd', 'Alpa', ''),
(37, 'XII AKL 4', '2023-08-14', 'Ngatimin, S.E', 'Hadir', ''),
(41, 'XII AKL 5', '2023-08-14', 'Putri Ayu Eka Ramadhani, S.Pd, M,Pd', 'Alpa', ''),
(43, 'XII AKL 5', '2023-08-14', 'Martalinda, S.Pd', 'Hadir', ''),
(44, 'XII AKL 2', '2023-08-15', 'Sukmawati, S.Pd.', 'Hadir', ''),
(45, 'XII AKL 2', '2023-08-15', 'Martono, S.E', 'Sakit', ''),
(46, 'XII AKL 2', '2023-08-15', 'Maryanah, S.Pd.', 'Ijin', 'Keluar Kota'),
(47, 'XII AKL 1', '2023-08-15', 'Putri Ayu Eka Ramadhani, S.Pd, M,Pd', 'Hadir', ''),
(48, 'XII AKL 1', '2023-08-15', 'Agustina Damayanti, S.Pd', 'Hadir', ''),
(49, 'XI AKL 1', '2023-08-15', 'Ria Handayani, S.E', 'Sakit', ''),
(50, 'XI AKL 1', '2023-08-15', 'Sri Mulaydina  S.Pd', 'Hadir', ''),
(51, 'X AKL 4', '2023-08-15', 'Ngatimin, S.E', 'Hadir', ''),
(52, 'X AKL 4', '2023-08-15', 'Kesi Rahayu, S.Pd', 'Ijin', 'keluar kota'),
(53, 'XI AKL 1', '2023-08-14', 'Ria Handayani, S.E', 'Hadir', ''),
(54, 'XI AKL 1', '2023-08-14', 'Sri Mulaydina  S.Pd', 'Hadir', ''),
(55, 'XII PPLG', '2023-07-03', 'Dian Sri Purwanti, S.Kom', 'Hadir', ''),
(56, 'XII PPLG', '2023-07-10', 'Dian Sri Purwanti, S.Kom', 'Sakit', ''),
(57, 'XII PPLG', '2023-07-17', 'Dian Sri Purwanti, S.Kom', 'Hadir', ''),
(58, 'XII PPLG', '2023-07-24', 'Dian Sri Purwanti, S.Kom', 'Hadir', ''),
(59, 'XII AKL 1', '2023-07-24', 'Maryanah, S.Pd.', 'Hadir', ''),
(60, 'XII AKL 1', '2023-07-24', 'Dzuli Kamala, M.Pd.I', 'Alpa', ''),
(61, 'XII AKL 1', '2023-07-24', 'Hj. Zahria Hadiyati, S.Pd', 'Hadir', ''),
(62, 'XII AKL 1', '2023-07-24', 'Diah Indri Safitri, S.Pd', 'Hadir', ''),
(63, 'XII AKL 2', '2023-07-24', 'Sumiyati, S.Pd', 'Hadir', ''),
(64, 'XII AKL 2', '2023-07-24', 'Yunita Sari, S.Pd', 'Ijin', ''),
(65, 'XII AKL 2', '2023-07-24', 'Dzuli Kamala, M.Pd.I', 'Hadir', ''),
(66, 'XI AKL 1', '2023-07-24', 'Ria Handayani, S.E', 'Alpa', ''),
(67, 'XI AKL 1', '2023-07-24', 'Sri Mulaydina  S.Pd', 'Hadir', ''),
(68, 'XI AKL 2', '2023-07-24', 'Yuli Mulyawati, S.Pd', 'Alpa', ''),
(69, 'XI AKL 2', '2023-07-24', 'Elya Yulina S.Pd', 'Hadir', ''),
(70, 'XI AKL 2', '2023-07-24', 'Anita Tri Setiani, S.Pd', 'Hadir', ''),
(71, 'XI AKL 2', '2023-07-24', 'Martono, S.E', 'Hadir', ''),
(72, 'X AKL 1', '2023-07-24', 'Putri Ayu Eka Ramadhani, S.Pd, M,Pd', 'Hadir', ''),
(73, 'X AKL 1', '2023-07-24', 'Wita Asiyah, S.Pd', 'Hadir', ''),
(74, 'X AKL 1', '2023-07-24', 'Gina Anggriana, S.Pd', 'Hadir', ''),
(75, 'X AKL 2', '2023-07-24', 'Indri Julianti Afnil, S.Pd', 'Hadir', ''),
(76, 'X AKL 2', '2023-07-24', 'Heni Ayu Pertiwi, S.Si', 'Hadir', ''),
(77, 'X AKL 2', '2023-07-24', 'Putri Alifa S.Pd.', 'Hadir', ''),
(78, 'X AKL 2', '2023-07-24', 'Reni Usman, S.Pd', 'Hadir', ''),
(79, 'X AKL 3', '2023-07-24', 'Gina Anggriana, S.Pd', 'Alpa', ''),
(80, 'X AKL 3', '2023-07-24', 'Elya Yulina S.Pd\r\nElya Yulina S.Pd\r\n', 'Ijin', ''),
(81, 'X AKL 3', '2023-07-24', 'Nani Kurniaty, S.Pd', 'Hadir', ''),
(82, 'X AKL 4', '2023-07-24', 'Ngatimin, S.E', 'Hadir', ''),
(83, 'X AKL 4', '2023-07-24', 'Kesi Rahayu, S.Pd', 'Alpa', ''),
(84, 'X AKL 5', '2023-07-24', 'Yuli Seti Purwaningsih, S.Pd', 'Alpa', ''),
(85, 'X AKL 5', '2023-07-24', 'Nur Fadillah, S.Pd.I', 'Hadir', ''),
(86, 'X AKL 5', '2023-07-24', 'Dina Sundari, S.Pd', 'Hadir', '');

-- --------------------------------------------------------

--
-- Struktur dari tabel `tb_guru`
--

CREATE TABLE `tb_guru` (
  `id_guru` int(11) NOT NULL,
  `nama_guru` varchar(100) NOT NULL
) ENGINE=InnoDB DEFAULT CHARSET=latin1;

--
-- Dumping data untuk tabel `tb_guru`
--

INSERT INTO `tb_guru` (`id_guru`, `nama_guru`) VALUES
(1, 'Hj. Dewi Ningsih, S.Pd.,M.Pd'),
(2, 'Drs. Ismatullah'),
(3, 'Dzuli Kamala, M.Pd.I'),
(4, 'Asvedia S.Pd.I'),
(5, 'Rina Wati, S.Ag'),
(6, 'Nur Fadillah, S.Pd.I'),
(7, 'Muflihin, S.Pd.'),
(8, 'Achmad Bismar W, S.Pd.I'),
(9, 'Dwipa Fredy Putri, M.Pd.'),
(10, 'Mas Azizah, M.Pd'),
(11, 'Ricadesta Amalia S.Pd'),
(12, 'Erfika Kumalasari, M.Pd'),
(13, 'Yuli Mulyawati, S.Pd'),
(14, 'Corry Lusia Sinaga S.E'),
(15, 'Handayani, M.Pd'),
(16, 'Diah Indri Safitri, S.Pd'),
(17, 'Gina Anggriana, S.Pd'),
(18, 'Santi Noviyana, S.Pd'),
(19, 'Carina Aurelia, S.Pd'),
(20, 'Chandra Kusuma, M.Pd'),
(21, 'Resliky Thofan D, S.Pd'),
(22, 'Andhita Marcelia, S.Pd'),
(23, 'Tiara Elifia Rista, S.Pd'),
(24, 'Dra. Sri Wahyuni, M.M'),
(25, 'Dra. Hj. Ernita Wati'),
(26, 'Hj. Zahria Hadiyati, S.Pd'),
(27, 'Novilia S.Pd'),
(28, 'Marlena S.Pd.'),
(29, 'Risfalidah, M.Pd.'),
(30, 'Nurjanah, M.Pd.'),
(31, 'Dina Mariyanti S, S.Pd'),
(32, 'Cucu Herlina S.Pd'),
(33, 'Utari Rezki, S.Pd'),
(34, 'Murniyati, S.Pd'),
(35, 'Citra Haningtyas, S.Pd'),
(36, 'Heni Ayu Pertiwi, S.Si'),
(37, 'Sandria Febrianti, S.Si'),
(38, 'Anita Tri Setiani, S.Pd'),
(39, 'Meri Susanti, M.Pd'),
(40, 'Citra Rafika Utari, S Pd'),
(41, 'Sulasmi, S Pd. M M'),
(42, 'Wayan Sukanta M.Pd'),
(43, 'Dicky Sapto Tejo, S.Pd'),
(44, 'Sukmawati, S.Pd.'),
(45, 'Nuril Astuti, S.Pd'),
(46, 'Nani Kurniaty, S.Pd'),
(47, 'Martalinda, S.Pd'),
(48, 'Dra. Rez Nurlela'),
(49, 'Wita Asiyah, S.Pd'),
(50, 'Trisna Asili Bhawantu, S.Pd'),
(51, 'Nelda Susanti, S.Pd'),
(52, 'Darmala Sari, S.Pd'),
(53, 'Yesi Puspitasari, S.Pd'),
(54, 'Alekka Hermawan, S.Pd'),
(55, 'Yuli Seti Purwaningsih, S.Pd'),
(56, 'Indri Julianti Afnil, S.Pd'),
(57, 'Ahmad Gempar, S.Pd'),
(58, 'Wiranti Kusparwati, S.Pd'),
(59, 'Bema Hayuliani, S.Pd'),
(60, 'Agung Sasongko, S.Si'),
(61, 'Aprilyanti, S.Si'),
(62, 'Kimyawani, S.Pd'),
(63, 'Kesi Rahayu, S.Pd'),
(64, 'Herlina S.Pd'),
(65, 'Sumiyati, S.Pd'),
(66, 'Hj.Yasminarti, S.E.,M.M'),
(67, 'Omy Firliany Hanafiah, S.Pd., M.Si'),
(68, 'Dra, Anneke Maulisa, M.M.Pd'),
(69, 'Sri Mulaydina  S.Pd'),
(70, 'Kartika Sari, S.Pd'),
(71, 'Elya Yulina S.Pd'),
(72, 'Drs. H.Sujana Mei Raharja M.Pd'),
(73, 'Martono, S.E'),
(74, 'Ngatimin, S.E'),
(75, 'Reni Usman, S.Pd'),
(76, 'Putri Ayu Eka Ramadhani, S.Pd, M,Pd'),
(77, 'Dwi Ralimawati, S.Pd'),
(78, 'Mutiara Iwana S.Pd'),
(79, 'Agustina Damayanti, S.Pd'),
(80, 'Dina Sundari, S.Pd'),
(81, 'Ria Handayani, S.E'),
(82, 'Pungky Ayu Lestari, S.Pd'),
(83, 'Dra. Hj. Alina'),
(84, 'Hj. Siti Uswatun Khasanah, M.Pd'),
(85, 'Devita Sari, S.Sos'),
(86, 'Syelfma Octriani, S.Sos'),
(87, 'Noffita Indah Furi, S.E, M.Pd'),
(88, 'Amelia Vidyastuti, M.Pd'),
(89, 'Hj. Euis Nurhayati, SE., M.M.'),
(90, 'Hj. Ela Krisdiana S.Pd'),
(91, 'Adha Marlins S.E'),
(92, 'Fasmita, S.E'),
(93, 'Dwi Januari Siskasari, S.Pd'),
(94, 'Kemala Saudi Rose S.E, M.M'),
(95, 'Damaiyanti, S.S'),
(96, 'Lindaningsili, S.Pd'),
(97, 'Sugeng, S.Pd'),
(98, 'Estianti, S.Pd'),
(99, 'Putri Auggraini, S.S'),
(100, 'Indy Az Zahra A.Md.Par'),
(101, 'Ahmad Dian Maulid, A.Md.Par, S.E'),
(102, 'Insani Rahmawati, S.Tr. Par'),
(103, 'Agus Riady'),
(104, 'Zulfalimi Agustiadi, A.Md.Par'),
(105, 'Ilman Hakim, S.Tr. Par.'),
(106, 'Lasmono, A.Md. Par'),
(107, 'Rama Santika A.Md.Par'),
(108, 'Ovan Ardan, A.Md.Par'),
(109, 'Edi Herinanto, S.Kom'),
(110, 'Drs. Darpin'),
(111, 'Junpo, S.Kom'),
(112, 'Ayu Jayanti, S.Kom.'),
(113, 'Supriyatno, S.Kom'),
(114, 'Willy Audika Putri S.Kom'),
(115, 'Anggi Fratica S.Kom.'),
(116, 'Novi Anita S.Kom'),
(117, 'Ratih Windari, S.Kom'),
(118, 'Bayu Alimuddin Sany, S.Kom'),
(119, 'Ni Made Novia Rezkianti, S.T'),
(120, 'Dewi Anggraini, S.Kom'),
(121, 'Rahmi Permata Hati, S.Kom'),
(122, 'Hary Widodo, S.Kom'),
(123, 'Dian Sri Purwanti, S.Kom'),
(124, 'Tonino Andre Dwi Widodo, M.Ti.'),
(125, 'Dafril Ashadi, S.Kom.'),
(126, 'Ahmad Eko Saputra, S.Kom.'),
(127, 'Meilanza Wardah Hasanah, S.Pd.'),
(128, 'Ulfi Zakiyah, S.Sn'),
(129, 'Elizabet Dina Sutanti, S.Pd'),
(130, 'Numa Ima  S.Pd'),
(131, 'Yan Mulyana A.Md Par.'),
(132, 'Marydawati Turnip, S.Pd.'),
(133, 'Resdiono'),
(134, 'Ranggi'),
(135, 'lin Mariyanti, S.S'),
(136, 'Dra. Arinalia M.M.'),
(137, 'Dani Rudiyansah, S.Pd.'),
(138, 'Maryanah, S.Pd.'),
(139, 'Nani Wulandari, S.Pd.'),
(140, 'Misna Yunita. S.Pd.'),
(141, 'Laedy Puspita Putri Taupan, S.Pd.'),
(142, 'Martini Indriani, S.Pd.'),
(143, 'Annisa Anggrayani, S.Pd.'),
(144, 'Dea Aurelia S.Psi.'),
(145, 'Falahudin, S.Pd.'),
(146, 'Dini Arum P, S.Pd.'),
(147, 'Putri Alifa S.Pd.'),
(148, 'Yunita Sari, S.Pd'),
(149, 'Sukaisili, S.Ag'),
(150, 'Marudin Sihite, S.Th');

-- --------------------------------------------------------

--
-- Struktur dari tabel `tb_hari`
--

CREATE TABLE `tb_hari` (
  `id_hari` int(11) NOT NULL,
  `nama_hari` varchar(20) NOT NULL
) ENGINE=InnoDB DEFAULT CHARSET=latin1;

--
-- Dumping data untuk tabel `tb_hari`
--

INSERT INTO `tb_hari` (`id_hari`, `nama_hari`) VALUES
(1, 'Senin'),
(2, 'Selasa'),
(3, 'Rabu'),
(4, 'Kamis'),
(5, 'Jumat'),
(6, 'Sabtu'),
(7, 'Minggu');

-- --------------------------------------------------------

--
-- Struktur dari tabel `tb_jadwal`
--

CREATE TABLE `tb_jadwal` (
  `id` int(11) NOT NULL,
  `id_hari` int(11) NOT NULL,
  `nama_hari` varchar(50) NOT NULL,
  `id_kelas` int(11) NOT NULL,
  `nama_kelas` varchar(50) NOT NULL,
  `id_guru` int(11) NOT NULL,
  `nama_guru` varchar(50) NOT NULL,
  `keterangan` varchar(100) NOT NULL
) ENGINE=InnoDB DEFAULT CHARSET=latin1;

--
-- Dumping data untuk tabel `tb_jadwal`
--

INSERT INTO `tb_jadwal` (`id`, `id_hari`, `nama_hari`, `id_kelas`, `nama_kelas`, `id_guru`, `nama_guru`, `keterangan`) VALUES
(1, 1, 'Senin', 1, 'X AKL 1', 77, 'Putri Ayu Eka Ramadhani, S.Pd, M,Pd', 'Jam ke 2-5'),
(2, 1, 'Senin', 1, 'X AKL 1', 49, 'Wita Asiyah, S.Pd', 'Jam ke 6-7'),
(3, 1, 'Senin', 1, 'X AKL 1', 17, 'Gina Anggriana, S.Pd', 'Jam ke 8-11'),
(4, 2, 'Selasa', 1, 'X AKL 1', 38, 'Anita Tri Setiani, S.Pd', 'Jam ke 1-2'),
(5, 2, 'Selasa', 1, 'X AKL 1', 55, 'Yuli Seti Purwaningsih, S.Pd', 'Jam ke 3-5'),
(6, 2, 'Selasa', 1, 'X AKL 1', 23, 'Tiara Elifia Rista, S.Pd', 'Jam ke 6-7'),
(7, 2, 'Selasa', 1, 'X AKL 1', 71, 'Elya Yulina S.Pd', 'Jam ke 7-10'),
(8, 3, 'Rabu', 1, 'X AKL 1', 75, 'Reni Usman, S.Pd', 'Jam ke 1-2'),
(9, 3, 'Rabu', 1, 'X AKL 1', 14, 'Corry Lusia Sinaga S.E', 'Jam ke 3-4'),
(10, 3, 'Rabu', 1, 'X AKL 1', 63, 'Kesi Rahayu, S.Pd', 'Jam ke 5-10'),
(11, 4, 'Kamis', 1, 'X AKL 1', 44, 'Sukmawati, S.Pd.', 'Jam ke 1-4'),
(12, 4, 'Kamis', 1, 'X AKL 1', 71, 'Elya Yulina S.Pd', 'Jam ke 5-6'),
(13, 4, 'Kamis', 1, 'X AKL 1', 147, 'Putri Alifa S.Pd.', 'Jam ke 7-10'),
(14, 4, 'Kamis', 1, 'X AKL 1', 7, 'Muflihin, S.Pd.', 'Jam ke 8-10'),
(15, 5, 'Jum\'at', 1, 'X AKL 1', 36, 'Heni Ayu Pertiwi, S.Si', 'Jam ke 2-5'),
(16, 5, 'Jum\'at', 1, 'X AKL 1', 80, 'Dina Sundari, S.Pd', 'Jam ke 6-7'),
(17, 5, 'Jum\'at', 1, 'X AKL 1', 28, 'Marlena S.Pd.', 'Jam ke 7-10'),
(18, 1, 'Senin', 2, 'X AKL 2', 56, 'Indri Julianti Afnil, S.Pd', 'Jam ke 2-4'),
(19, 1, 'Senin', 2, 'X AKL 2', 36, 'Heni Ayu Pertiwi, S.Si', 'Jam ke 5-8'),
(20, 1, 'Senin', 2, 'X AKL 2', 147, 'Putri Alifa S.Pd.', 'Jam ke 9'),
(21, 1, 'Senin', 2, 'X AKL 2', 75, 'Reni Usman, S.Pd', 'Jam ke 10-11'),
(22, 2, 'Selasa', 2, 'X AKL 2', 63, 'Kesi Rahayu, S.Pd', 'Jam ke 1-6'),
(23, 2, 'Selasa', 2, 'X AKL 2', 44, 'Sukmawati, S.Pd.', 'Jam ke 7-10'),
(24, 3, 'Rabu', 2, 'X AKL 2', 68, 'Dra, Anneke Maulisa, M.M.Pd', 'Jam ke 1-2'),
(25, 3, 'Rabu', 2, 'X AKL 2', 23, 'Tiara Elifia Rista, S.Pd', 'Jam ke 3'),
(26, 3, 'Rabu', 2, 'X AKL 2', 7, 'Muflihin, S.Pd.', 'Jam ke 4-6'),
(27, 3, 'Rabu', 2, 'X AKL 2', 68, 'Dra, Anneke Maulisa, M.M.Pd', 'Jam ke 7-10'),
(28, 4, 'Kamis', 2, 'X AKL 2', 49, 'Wita Asiyah, S.Pd', 'Jam ke 1-2'),
(29, 4, 'Kamis', 2, 'X AKL 2', 12, 'Erfika Kumalasari, M.Pd', 'Jam ke 3-4'),
(30, 4, 'Kamis', 2, 'X AKL 2', 74, 'Ngatimin, S.E', 'Jam ke 5-8'),
(31, 4, 'Kamis', 2, 'X AKL 2', 38, 'Anita Tri Setiani, S.Pd', 'Jam ke 9-10'),
(32, 5, 'Jum\'at', 2, 'X AKL 2', 77, 'Putri Ayu Eka Ramadhani, S.Pd, M,Pd', 'Jam ke 2-5'),
(33, 5, 'Jum\'at', 2, 'X AKL 2', 36, 'Heni Ayu Pertiwi, S.Si', 'Jam ke 6'),
(34, 5, 'Jum\'at', 2, 'X AKL 2', 17, 'Gina Anggriana, S.Pd', 'Jam ke 7-10'),
(35, 1, 'Senin', 3, 'X AKL 3', 17, 'Gina Anggriana, S.Pd', 'Jam ke 2-5'),
(36, 1, 'Senin', 3, 'X AKL 3', 71, 'Elya Yulina S.Pd\nElya Yulina S.Pd\n', 'Jam ke 6-7'),
(37, 1, 'Senin', 3, 'X AKL 3', 46, 'Nani Kurniaty, S.Pd', 'Jam ke 8-11'),
(38, 2, 'Selasa', 3, 'X AKL 3', 56, 'Indri Julianti Afnil, S.Pd', 'Jam ke 1-3'),
(39, 2, 'Selasa', 3, 'X AKL 3', 7, 'Muflihin, S.Pd.', 'Jam ke 4-6'),
(40, 2, 'Selasa', 3, 'X AKL 3', 29, 'Risfalidah, M.Pd.', 'Jam ke 7-10'),
(41, 3, 'Rabu', 3, 'X AKL 3', 14, 'Corry Lusia Sinaga S.E', 'Jam ke 1-2'),
(42, 3, 'Rabu', 3, 'X AKL 3', 77, 'Putri Ayu Eka Ramadhani, S.Pd, M,Pd', 'Jam ke 3-6'),
(43, 3, 'Rabu', 3, 'X AKL 3', 79, 'Agustina Damayanti, S.Pd', 'Jam ke 7-10'),
(44, 4, 'Kamis', 3, 'X AKL 3', 63, 'Kesi Rahayu, S.Pd', 'Jam ke 1-6'),
(45, 4, 'Kamis', 3, 'X AKL 3', 71, 'Elya Yulina S.Pd\n', 'Jam ke 7-10'),
(46, 5, 'Jum\'at', 3, 'X AKL 3', 75, 'Reni Usman, S.Pd', 'Jam ke 2-3'),
(47, 5, 'Jum\'at', 3, 'X AKL 3', 36, 'Heni Ayu Pertiwi, S.Si', 'Jam ke 4'),
(48, 5, 'Jum\'at', 3, 'X AKL 3', 23, 'Tiara Elifia Rista, S.Pd', 'Jam ke 5'),
(49, 5, 'Jum\'at', 3, 'X AKL 3', 147, 'Putri Alifa S.Pd.', 'Jam ke 6'),
(50, 5, 'Jum\'at', 3, 'X AKL 3', 39, 'Meri Susanti, M.Pd', 'Jam ke 7-8'),
(51, 5, 'Jum\'at', 3, 'X AKL 3', 50, 'Trisna Asili Bhawantu, S.Pd', 'Jam ke 9-10'),
(52, 1, 'Senin', 4, 'X AKL 4', 74, 'Ngatimin, S.E', 'Jam ke 2-5'),
(53, 1, 'Senin', 4, 'X AKL 4', 63, 'Kesi Rahayu, S.Pd', 'Jam ke 6-11'),
(54, 2, 'Selasa', 4, 'X AKL 4', 12, 'Erfika Kumalasari, M.Pd', 'Jam ke 1-2'),
(55, 2, 'Selasa', 4, 'X AKL 4', 75, 'Reni Usman, S.Pd', 'Jam ke 3-4'),
(56, 2, 'Selasa', 4, 'X AKL 4', 56, 'Indri Julianti Afnil, S.Pd', 'Jam ke 5-7'),
(57, 2, 'Selasa', 4, 'X AKL 4', 6, 'Nur Fadillah, S.Pd.I', 'Jam ke 8-10'),
(58, 3, 'Rabu', 4, 'X AKL 4', 23, 'Tiara Elifia Rista, S.Pd', 'Jam ke 1'),
(59, 3, 'Rabu', 4, 'X AKL 4', 35, 'Citra Haningtyas, S.Pd', 'Jam ke 2'),
(60, 3, 'Rabu', 4, 'X AKL 4', 39, 'Meri Susanti, M.Pd', 'Jam ke 3-4'),
(61, 3, 'Rabu', 4, 'X AKL 4', 68, 'Dra, Anneke Maulisa, M.M.Pd', 'Jam ke 5-6'),
(62, 3, 'Rabu', 4, 'X AKL 4', 18, 'Santi Noviyana, S.Pd', 'Jam ke 7-10'),
(63, 4, 'Kamis', 4, 'X AKL 4', 29, 'Risfalidah, M.Pd.', 'Jam ke 1-4'),
(64, 4, 'Kamis', 4, 'X AKL 4', 50, 'Trisna Asili Bhawantu, S.Pd', 'Jam ke 5-6'),
(65, 4, 'Kamis', 4, 'X AKL 4', 77, 'Putri Ayu Eka Ramadhani, S.Pd, M,Pd', 'Jam ke 7-10'),
(66, 5, 'Jum\'at', 4, 'X AKL 4', 68, 'Dra, Anneke Maulisa, M.M.Pd', 'Jam ke 2-5'),
(67, 5, 'Jum\'at', 4, 'X AKL 4', 41, 'Sulasmi, S Pd. M M', 'Jam ke 6-9'),
(68, 5, 'Jum\'at', 4, 'X AKL 4', 147, 'Putri Alifa S.Pd.', 'Jam ke 10'),
(69, 1, 'Senin', 5, 'X AKL 5', 55, 'Yuli Seti Purwaningsih, S.Pd', 'Jam ke 2-4'),
(70, 1, 'Senin', 5, 'X AKL 5', 6, 'Nur Fadillah, S.Pd.I', 'Jam ke 5-7'),
(71, 1, 'Senin', 5, 'X AKL 5', 80, 'Dina Sundari, S.Pd', 'Jam ke 8-11'),
(72, 2, 'Selasa', 5, 'X AKL 5', 18, 'Santi Noviyana, S.Pd', 'Jam ke 1-4'),
(73, 2, 'Selasa', 5, 'X AKL 5', 71, 'Elya Yulina S.Pd', 'Jam ke 5-6'),
(74, 2, 'Selasa', 5, 'X AKL 5', 77, 'Putri Ayu Eka Ramadhani, S.Pd, M,Pd', 'Jam ke 7-10'),
(75, 3, 'Rabu', 5, 'X AKL 5', 29, 'Risfalidah, M.Pd.', 'Jam ke 1-4'),
(76, 3, 'Rabu', 5, 'X AKL 5', 39, 'Meri Susanti, M.Pd', 'Jam ke 5-6'),
(77, 3, 'Rabu', 5, 'X AKL 5', 13, 'Yuli Mulyawati, S.Pd', 'Jam ke 7-8'),
(78, 3, 'Rabu', 5, 'X AKL 5', 50, 'Trisna Asili Bhawantu, S.Pd', 'Jam ke 9-10'),
(79, 4, 'Kamis', 5, 'X AKL 5', 71, 'Elya Yulina S.Pd', 'Jam ke 1-4'),
(80, 4, 'Kamis', 5, 'X AKL 5', 35, 'Citra Haningtyas, S.Pd', 'Jam ke 5'),
(81, 4, 'Kamis', 5, 'X AKL 5', 147, 'Putri Alifa S.Pd.', 'Jam ke 6'),
(82, 4, 'Kamis', 5, 'X AKL 5', 41, 'Sulasmi, S Pd. M M', 'Jam ke 7-10'),
(83, 5, 'Jum\'at', 5, 'X AKL 5', 61, 'Aprilyanti, S.Si', 'Jam ke 2-7'),
(84, 5, 'Jum\'at', 5, 'X AKL 5', 23, 'Tiara Elifia Rista, S.Pd', 'Jam ke 8'),
(85, 5, 'Jum\'at', 5, 'X AKL 5', 75, 'Reni Usman, S.Pd', 'Jam ke 9-10'),
(86, 1, 'Senin', 6, 'X MPLB', 35, 'Citra Haningtyas, S.Pd', 'Jam ke 2'),
(87, 1, 'Senin', 6, 'X MPLB', 8, 'Achmad Bismar W, S.Pd.I', 'Jam ke 3-5'),
(88, 1, 'Senin', 6, 'X MPLB', 82, 'Pungky Ayu Lestari, S.Pd', 'Jam ke 6-9'),
(89, 1, 'Senin', 6, 'X MPLB', 49, 'Wita Asiyah, S.Pd', 'Jam ke 10-11'),
(90, 2, 'Selasa', 6, 'X MPLB', 13, 'Yuli Mulyawati, S.Pd', 'Jam ke 1-2'),
(91, 2, 'Selasa', 6, 'X MPLB', 38, 'Anita Tri Setiani, S.Pd', 'Jam ke 3-4'),
(92, 2, 'Selasa', 6, 'X MPLB', 83, 'Dra. Hj. Alina', 'Jam ke 5-10'),
(93, 3, 'Rabu', 6, 'X MPLB', 19, 'Carina Aurelia, S.Pd', 'Jam ke 1-4'),
(94, 3, 'Rabu', 6, 'X MPLB', 83, 'Dra. Hj. Alina', 'Jam ke 5-10'),
(95, 4, 'Kamis', 6, 'X MPLB', 98, 'Estianti, S.Pd', 'Jam ke 1-6'),
(96, 4, 'Kamis', 6, 'X MPLB', 139, 'Nani Wulandari, S.Pd.', 'Jam ke 7'),
(97, 4, 'Kamis', 6, 'X MPLB', 58, 'Wiranti Kusparwati, S.Pd', 'Jam ke 8-10'),
(98, 5, 'Jum\'at', 6, 'X MPLB', 44, 'Sukmawati, S.Pd.', 'Jam ke 2-5'),
(99, 5, 'Jum\'at', 6, 'X MPLB', 23, 'Tiara Elifia Rista, S.Pd', 'Jam ke 6-9'),
(100, 5, 'Jum\'at', 6, 'X MPLB', 33, 'Utari Rezki, S.Pd', 'Jam ke 7-10'),
(101, 1, 'Senin', 7, 'X Pem 1', 34, 'Murniyati, S.Pd', 'Jam ke 2-5'),
(102, 1, 'Senin', 7, 'X Pem 1', 62, 'Kimyawani, S.Pd', 'Jam ke 6-11'),
(103, 2, 'Selasa', 7, 'X Pem 1', 6, 'Nur Fadillah, S.Pd.I', 'Jam ke 1-3'),
(104, 2, 'Selasa', 7, 'X Pem 1', 92, 'Fasmita, S.E', 'Jam ke 4-9'),
(105, 2, 'Selasa', 7, 'X Pem 1', 146, 'Dini Arum P, S.Pd.', 'Jam ke 10'),
(106, 3, 'Rabu', 7, 'X Pem 1', 90, 'Hj. Ela Krisdiana S.Pd', 'Jam ke 1-6'),
(107, 3, 'Rabu', 7, 'X Pem 1', 19, 'Carina Aurelia, S.Pd', 'Jam ke 7'),
(108, 3, 'Rabu', 7, 'X Pem 1', 59, 'Bema Hayuliani, S.Pd', 'Jam ke 8-10'),
(109, 4, 'Kamis', 7, 'X Pem 1', 19, 'Carina Aurelia, S.Pd', 'Jam ke 1-4'),
(110, 4, 'Kamis', 7, 'X Pem 1', 12, 'Erfika Kumalasari, M.Pd', 'Jam ke 5-6'),
(111, 4, 'Kamis', 7, 'X Pem 1', 46, 'Nani Kurniaty, S.Pd', 'Jam ke 7-10'),
(112, 5, 'Jum\'at', 7, 'X Pem 1', 50, 'Trisna Asili Bhawantu, S.Pd', 'Jam ke 2-3'),
(113, 5, 'Jum\'at', 7, 'X Pem 1', 23, 'Tiara Elifia Rista, S.Pd', 'Jam ke 4-9'),
(114, 5, 'Jum\'at', 7, 'X Pem 1', 13, 'Yuli Mulyawati, S.Pd', 'Jam ke 5-6'),
(115, 5, 'Jum\'at', 7, 'X Pem 1', 91, 'Adha Marlins S.E', 'Jam ke 7-10'),
(116, 1, 'Senin', 8, 'X Pem 2', 50, 'Trisna Asili Bhawantu, S.Pd', 'Jam ke 1-2'),
(117, 1, 'Senin', 8, 'X Pem 2', 23, 'Tiara Elifia Rista, S.Pd', 'Jam ke 3-7'),
(118, 1, 'Senin', 8, 'X Pem 2', 13, 'Yuli Mulyawati, S.Pd', 'Jam ke 8-11'),
(119, 2, 'Selasa', 8, 'X Pem 2', 91, 'Adha Marlins S.E', 'Jam ke 1-4'),
(120, 2, 'Selasa', 8, 'X Pem 2', 62, 'Kimyawani, S.Pd', 'Jam ke 5-10'),
(121, 3, 'Rabu', 8, 'X Pem 2', 46, 'Nani Kurniaty, S.Pd', 'Jam ke 1-4'),
(122, 3, 'Rabu', 8, 'X Pem 2', 6, 'Nur Fadillah, S.Pd.I', 'Jam ke 5-7'),
(123, 3, 'Rabu', 8, 'X Pem 2', 54, 'Alekka Hermawan, S.Pd', 'Jam ke 8-10'),
(124, 4, 'Kamis', 8, 'X Pem 2', 34, 'Murniyati, S.Pd', 'Jam ke 1-4'),
(125, 4, 'Kamis', 8, 'X Pem 2', 89, 'Hj. Euis Nurhayati, SE., M.M.', 'Jam ke 5-10'),
(126, 5, 'Jum\'at', 8, 'X Pem 2', 91, 'Adha Marlins S.E', 'Jam ke 1'),
(127, 5, 'Jum\'at', 8, 'X Pem 2', 23, 'Tiara Elifia Rista, S.Pd', 'Jam ke 2'),
(128, 5, 'Jum\'at', 8, 'X Pem 2', 14, 'Corry Lusia Sinaga S.E', 'Jam ke 3-9'),
(129, 5, 'Jum\'at', 8, 'X Pem 2', 146, 'Dini Arum P, S.Pd.', 'Jam ke 10'),
(130, 1, 'Senin', 9, 'X ULP 1', 98, 'Estianti, S.Pd', 'Jam ke 2-7'),
(131, 1, 'Senin', 9, 'X ULP 1', 19, 'Carina Aurelia, S.Pd', 'Jam ke 8'),
(132, 1, 'Senin', 9, 'X ULP 1', 54, 'Alekka Hermawan, S.Pd', 'Jam ke 9-11'),
(133, 2, 'Selasa', 9, 'X ULP 1', 32, 'Cucu Herlina S.Pd', 'Jam ke 1-4'),
(134, 2, 'Selasa', 9, 'X ULP 1', 13, 'Yuli Mulyawati, S.Pd', 'Jam ke 5-6'),
(135, 2, 'Selasa', 9, 'X ULP 1', 95, 'Damaiyanti, S.S', 'Jam ke 7-10'),
(136, 3, 'Rabu', 9, 'X ULP 1', 13, 'Yuli Mulyawati, S.Pd', 'Jam ke 1-2'),
(137, 3, 'Rabu', 9, 'X ULP 1', 146, 'Dini Arum P, S.Pd.', 'Jam ke 3'),
(138, 3, 'Rabu', 9, 'X ULP 1', 23, 'Tiara Elifia Rista, S.Pd', 'Jam ke 4'),
(139, 3, 'Rabu', 9, 'X ULP 1', 100, 'Indy Az Zahra A.Md.Par', 'Jam ke 5-10'),
(140, 4, 'Kamis', 9, 'X ULP 1', 82, 'Pungky Ayu Lestari, S.Pd', 'Jam ke 1-4'),
(141, 4, 'Kamis', 9, 'X ULP 1', 19, 'Carina Aurelia, S.Pd', 'Jam ke 5-8'),
(142, 4, 'Kamis', 9, 'X ULP 1', 50, 'Trisna Asili Bhawantu, S.Pd', 'Jam ke 9-10'),
(143, 5, 'Jum\'at', 9, 'X ULP 1', 6, 'Nur Fadillah, S.Pd.I', 'Jam ke 2-4'),
(144, 5, 'Jum\'at', 9, 'X ULP 1', 100, 'Indy Az Zahra A.Md.Par', 'Jam ke 5-10'),
(145, 1, 'Senin', 10, 'X ULP 2', 96, 'Lindaningsili, S.Pd', 'Jam ke 2-7'),
(146, 1, 'Senin', 10, 'X ULP 2', 6, 'Nur Fadillah, S.Pd.I', 'Jam ke 8-10'),
(147, 1, 'Senin', 10, 'X ULP 2', 146, 'Dini Arum P, S.Pd.', 'Jam ke 11'),
(148, 2, 'Selasa', 10, 'X ULP 2', 96, 'Lindaningsili, S.Pd', 'Jam ke 1-6'),
(149, 2, 'Selasa', 10, 'X ULP 2', 23, 'Tiara Elifia Rista, S.Pd', 'Jam ke 7-10'),
(150, 3, 'Rabu', 10, 'X ULP 2', 95, 'Damaiyanti, S.S', 'Jam ke 1-4'),
(151, 3, 'Rabu', 10, 'X ULP 2', 98, 'Estianti, S.Pd', 'Jam ke 5-10'),
(152, 4, 'Kamis', 10, 'X ULP 2', 59, 'Bema Hayuliani, S.Pd', 'Jam ke 1'),
(153, 4, 'Kamis', 10, 'X ULP 2', 23, 'Tiara Elifia Rista, S.Pd', 'Jam ke 2'),
(154, 4, 'Kamis', 10, 'X ULP 2', 32, 'Cucu Herlina S.Pd', 'Jam ke 3-6'),
(155, 4, 'Kamis', 10, 'X ULP 2', 82, 'Pungky Ayu Lestari, S.Pd', 'Jam ke 7-10'),
(156, 5, 'Jum\'at', 10, 'X ULP 2', 14, 'Corry Lusia Sinaga S.E', 'Jam ke 2-3'),
(157, 5, 'Jum\'at', 10, 'X ULP 2', 50, 'Trisna Asili Bhawantu, S.Pd', 'Jam ke 4-5'),
(158, 5, 'Jum\'at', 10, 'X ULP 2', 54, 'Alekka Hermawan, S.Pd', 'Jam ke 6-8'),
(159, 5, 'Jum\'at', 10, 'X ULP 2', 40, 'Citra Rafika Utari, S Pd', 'Jam ke 9-10'),
(160, 1, 'Senin', 11, 'X TJKT 1', 49, 'Wita Asiyah, S.Pd', 'Jam ke 2-3'),
(161, 1, 'Senin', 11, 'X TJKT 1', 43, 'Dicky Sapto Tejo, S.Pd', 'Jam ke 4-7'),
(162, 1, 'Senin', 11, 'X TJKT 1', 146, 'Dini Arum P, S.Pd.', 'Jam ke 8'),
(163, 1, 'Senin', 11, 'X TJKT 1', 7, 'Muflihin, S.Pd.', 'Jam ke 9-11'),
(164, 2, 'Selasa', 11, 'X TJKT 1', 31, 'Dina Mariyanti S, S.Pd', 'Jam ke 1-4'),
(165, 2, 'Selasa', 11, 'X TJKT 1', 91, 'Adha Marlins S.E', 'Jam ke 5-8'),
(166, 2, 'Selasa', 11, 'X TJKT 1', 39, 'Meri Susanti, M.Pd', 'Jam ke 9-10'),
(167, 3, 'Rabu', 11, 'X TJKT 1', 59, 'Bema Hayuliani, S.Pd', 'Jam ke 1-4'),
(168, 3, 'Rabu', 11, 'X TJKT 1', 110, 'Drs. Darpin', 'Jam ke 5-10'),
(169, 4, 'Kamis', 11, 'X TJKT 1', 110, 'Drs. Darpin', 'Jam ke 1-6'),
(170, 4, 'Kamis', 11, 'X TJKT 1', 20, 'Chandra Kusuma, M.Pd', 'Jam ke 7-10'),
(171, 5, 'Jum\'at', 11, 'X TJKT 1', 12, 'Erfika Kumalasari, M.Pd', 'Jam ke 2-3'),
(172, 5, 'Jum\'at', 11, 'X TJKT 1', 60, 'Agung Sasongko, S.Si', 'Jam ke 4-9'),
(173, 5, 'Jum\'at', 11, 'X TJKT 1', 23, 'Tiara Elifia Rista, S.Pd', 'Jam ke 10'),
(174, 1, 'Senin', 12, 'X TJKT 2', 36, 'Heni Ayu Pertiwi, S.Si', 'Jam ke 2'),
(175, 1, 'Senin', 12, 'X TJKT 2', 39, 'Meri Susanti, M.Pd', 'Jam ke 3-4'),
(176, 1, 'Senin', 12, 'X TJKT 2', 7, 'Muflihin, S.Pd.', 'Jam ke 5-7'),
(177, 1, 'Senin', 12, 'X TJKT 2', 31, 'Dina Mariyanti S, S.Pd', 'Jam ke 8-11'),
(178, 2, 'Selas', 12, 'X TJKT 2', 60, 'Agung Sasongko, S.Si', 'Jam ke 1-6'),
(179, 2, 'Selas', 12, 'X TJKT 2', 14, 'Corry Lusia Sinaga S.E', 'Jam ke 7-8'),
(180, 2, 'Selas', 12, 'X TJKT 2', 49, 'Wita Asiyah, S.Pd', 'Jam ke 9-10'),
(181, 3, 'Rabu', 12, 'X TJKT 2', 115, 'Anggi Fratica S.Kom.', 'Jam ke 1-6'),
(182, 3, 'Rabu', 12, 'X TJKT 2', 43, 'Dicky Sapto Tejo, S.Pd', 'Jam ke 7-10'),
(183, 4, 'Kamis', 12, 'X TJKT 2', 115, 'Anggi Fratica S.Kom.', 'Jam ke 1-6'),
(184, 4, 'Kamis', 12, 'X TJKT 2', 146, 'Dini Arum P, S.Pd.', 'Jam ke 7'),
(185, 4, 'Kamis', 12, 'X TJKT 2', 59, 'Bema Hayuliani, S.Pd', 'Jam ke 8-10'),
(186, 5, 'Jum\'at', 12, 'X TJKT 2', 23, 'Tiara Elifia Rista, S.Pd', 'Jam ke 2'),
(187, 5, 'Jum\'at', 12, 'X TJKT 2', 20, 'Chandra Kusuma, M.Pd', 'Jam ke 3-6'),
(188, 5, 'Jum\'at', 12, 'X TJKT 2', 121, 'Rahmi Permata Hati, S.Kom', 'Jam ke 7-10'),
(189, 1, 'Senin', 13, 'X TJKT 3', 21, 'Resliky Thofan D, S.Pd', 'Jam ke 2-5'),
(190, 1, 'Senin', 13, 'X TJKT 3', 121, 'Rahmi Permata Hati, S.Kom', 'Jam ke 6-9'),
(191, 1, 'Senin', 13, 'X TJKT 3', 12, 'Erfika Kumalasari, M.Pd', 'Jam ke 10-11'),
(192, 2, 'Selasa', 13, 'X TJKT 3', 41, 'Sulasmi, S Pd. M M', 'Jam ke 1-4'),
(193, 2, 'Selasa', 13, 'X TJKT 3', 112, 'Ayu Jayanti, S.Kom.', 'Jam ke 5-10'),
(194, 3, 'Rabu', 13, 'X TJKT 3', 112, 'Ayu Jayanti, S.Kom.', 'Jam ke 1-6'),
(195, 3, 'Rabu', 13, 'X TJKT 3', 59, 'Bema Hayuliani, S.Pd', 'Jam ke 7'),
(196, 3, 'Rabu', 13, 'X TJKT 3', 7, 'Muflihin, S.Pd.', 'Jam ke 8-10'),
(197, 4, 'Kamis', 13, 'X TJKT 3', 60, 'Agung Sasongko, S.Si', 'Jam ke 1-6'),
(198, 4, 'Kamis', 13, 'X TJKT 3', 49, 'Wita Asiyah, S.Pd', 'Jam ke 7-8'),
(199, 4, 'Kamis', 13, 'X TJKT 3', 148, 'Yunita Sari, S.Pd', 'Jam ke 9'),
(200, 4, 'Kamis', 13, 'X TJKT 3', 146, 'Dini Arum P, S.Pd.', 'Jam ke 10'),
(201, 5, 'Jum\'at', 13, 'X TJKT 3', 57, 'Ahmad Gempar, S.Pd', 'Jam ke 2-4'),
(202, 5, 'Jum\'at', 13, 'X TJKT 3', 39, 'Meri Susanti, M.Pd', 'Jam ke 5-6'),
(203, 5, 'Jum\'at', 13, 'X TJKT 3', 31, 'Dina Mariyanti S, S.Pd', 'Jam ke 7-10'),
(204, 1, 'Senin', 14, 'X DKV 1', 120, 'Dewi Anggraini, S.Kom', 'Jam ke 2-7'),
(205, 1, 'Senin', 14, 'X DKV 1', 49, 'Wita Asiyah, S.Pd', 'Jam ke 8-9'),
(206, 1, 'Senin', 14, 'X DKV 1', 148, 'Yunita Sari, S.Pd', 'Jam ke 10'),
(207, 1, 'Selasa', 14, 'X DKV 1', 145, 'Falahudin, S.Pd.', 'Jam ke 11'),
(208, 2, 'Selasa', 14, 'X DKV 1', 40, 'Citra Rafika Utari, S Pd', 'Jam ke 1-2'),
(209, 2, 'Selasa', 14, 'X DKV 1', 80, 'Dina Sundari, S.Pd', 'Jam ke 3-6'),
(210, 2, 'Selasa', 14, 'X DKV 1', 59, 'Bema Hayuliani, S.Pd', 'Jam ke 7-10'),
(211, 3, 'Rabu', 14, 'X DKV 1', 21, 'Resliky Thofan D, S.Pd', 'Jam ke 1-4'),
(212, 3, 'Rabu', 14, 'X DKV 1', 14, 'Corry Lusia Sinaga S.E', 'Jam ke 5-6'),
(213, 3, 'Rabu', 14, 'X DKV 1', 31, 'Dina Mariyanti S, S.Pd', 'Jam ke 7-10'),
(214, 4, 'Kamis', 14, 'X DKV 1', 62, 'Kimyawani, S.Pd', 'Jam ke 1-6'),
(215, 4, 'Kamis', 14, 'X DKV 1', 43, 'Dicky Sapto Tejo, S.Pd', 'Jam ke 7-10'),
(216, 5, 'Jum\'at', 14, 'X DKV 1', 7, 'Muflihin, S.Pd.', 'Jam ke 2-4'),
(217, 5, 'Jum\'at', 14, 'X DKV 1', 120, 'Dewi Anggraini, S.Kom', 'Jam ke 5-10'),
(218, 1, 'Senin', 15, 'X DKV 2', 22, 'Andhita Marcelia, S.Pd', 'Jam ke 2-5'),
(219, 1, 'Senin', 15, 'X DKV 2', 13, 'Yuli Mulyawati, S.Pd', 'Jam ke 6-7'),
(220, 1, 'Senin', 15, 'X DKV 2', 43, 'Dicky Sapto Tejo, S.Pd', 'Jam ke 8-11'),
(221, 2, 'Selasa', 15, 'X DKV 2', 59, 'Bema Hayuliani, S.Pd', 'Jam ke 1'),
(222, 2, 'Selasa', 15, 'X DKV 2', 121, 'Rahmi Permata Hati, S.Kom', 'Jam ke 2-7'),
(223, 2, 'Selasa', 15, 'X DKV 2', 7, 'Muflihin, S.Pd.', 'Jam ke 8-10'),
(224, 3, 'Rabu', 15, 'X DKV 2', 49, 'Wita Asiyah, S.Pd', 'Jam ke 1-2'),
(225, 3, 'Rabu', 15, 'X DKV 2', 148, 'Yunita Sari, S.Pd', 'Jam ke 3'),
(226, 3, 'Rabu', 15, 'X DKV 2', 40, 'Citra Rafika Utari, S Pd', 'Jam ke 4-5'),
(227, 3, 'Rabu', 15, 'X DKV 2', 145, 'Falahudin, S.Pd.', 'Jam ke 6'),
(228, 3, 'Rabu', 15, 'X DKV 2', 33, 'Utari Rezki, S.Pd', 'Jam ke 7-10'),
(229, 4, 'Kamis', 15, 'X DKV 2', 121, 'Rahmi Permata Hati, S.Kom', 'Jam ke 1-6'),
(230, 4, 'Kamis', 15, 'X DKV 2', 80, 'Dina Sundari, S.Pd', 'Jam ke 7-10'),
(231, 5, 'Jum\'at', 15, 'X DKV 2', 54, 'Alekka Hermawan, S.Pd', 'Jam ke 2-4'),
(232, 5, 'Jum\'at', 15, 'X DKV 2', 62, 'Kimyawani, S.Pd', 'Jam ke 5-10'),
(233, 1, 'Senin', 16, 'X PPLG 1', 60, 'Agung Sasongko, S.Si', 'Jam ke 2-7'),
(234, 1, 'Senin', 16, 'X PPLG 1', 22, 'Andhita Marcelia, S.Pd', 'Jam ke 8-11'),
(235, 2, 'Selasa', 16, 'X PPLG 1', 123, 'Dian Sri Purwanti, S.Kom', 'Jam ke 1-6'),
(236, 2, 'Selasa', 16, 'X PPLG 1', 31, 'Dina Mariyanti S, S.Pd', 'Jam ke 7-10'),
(237, 3, 'Rabu', 16, 'X PPLG 1', 7, 'Muflihin, S.Pd.', 'Jam ke 1-3'),
(238, 3, 'Rabu', 16, 'X PPLG 1', 49, 'Wita Asiyah, S.Pd', 'Jam ke 4-5'),
(239, 3, 'Rabu', 16, 'X PPLG 1', 57, 'Ahmad Gempar, S.Pd', 'Jam ke 6-8'),
(240, 3, 'Rabu', 16, 'X PPLG 1', 12, 'Erfika Kumalasari, M.Pd', 'Jam ke 9-10'),
(241, 4, 'Kamis', 16, 'X PPLG 1', 46, 'Nani Kurniaty, S.Pd', 'Jam ke 1-4'),
(242, 4, 'Kamis', 16, 'X PPLG 1', 124, 'Tonino Andre Dwi Widodo, M.Ti.', 'Jam ke 5-8'),
(243, 4, 'Kamis', 16, 'X PPLG 1', 40, 'Citra Rafika Utari, S Pd', 'Jam ke 9-10'),
(244, 5, 'Jum\'at', 16, 'X PPLG 1', 123, 'Dian Sri Purwanti, S.Kom', 'Jam ke 2-7'),
(245, 5, 'Jum\'at', 16, 'X PPLG 1', 148, 'Yunita Sari, S.Pd', 'Jam ke 8'),
(246, 5, 'Jum\'at', 16, 'X PPLG 1', 147, 'Putri Alifa S.Pd.', 'Jam ke 9'),
(247, 5, 'Jum\'at', 16, 'X PPLG 1', 34, 'Murniyati, S.Pd', 'Jam ke 10'),
(248, 1, 'Senin', 17, 'X PPLG 2', 125, 'Dafril Ashadi, S.Kom.', 'Jam ke 2-7'),
(249, 1, 'Senin', 17, 'X PPLG 2', 124, 'Tonino Andre Dwi Widodo, M.Ti.', 'Jam ke 8-11'),
(250, 2, 'Selasa', 17, 'X PPLG 2', 46, 'Nani Kurniaty, S.Pd', 'Jam ke 1-4'),
(251, 2, 'Selasa', 17, 'X PPLG 2', 147, 'Putri Alifa S.Pd.', 'Jam ke 5'),
(252, 2, 'Selasa', 17, 'X PPLG 2', 40, 'Citra Rafika Utari, S Pd', 'Jam ke 6-7'),
(253, 2, 'Selasa', 17, 'X PPLG 2', 57, 'Ahmad Gempar, S.Pd', 'Jam ke 8-10'),
(254, 3, 'Rabu', 17, 'X PPLG 2', 31, 'Dina Mariyanti S, S.Pd', 'Jam ke 1-4'),
(255, 3, 'Rabu', 17, 'X PPLG 2', 60, 'Agung Sasongko, S.Si', 'Jam ke 5-10'),
(256, 4, 'Kamis', 17, 'X PPLG 2', 50, 'Trisna Asili Bhawantu, S.Pd', 'Jam ke 1-2'),
(257, 4, 'Kamis', 17, 'X PPLG 2', 148, 'Yunita Sari, S.Pd', 'Jam ke 3'),
(258, 4, 'Kamis', 17, 'X PPLG 2', 21, 'Resliky Thofan D, S.Pd', 'Jam ke 4-6'),
(259, 4, 'Kamis', 17, 'X PPLG 2', 34, 'Murniyati, S.Pd', 'Jam ke 7'),
(260, 4, 'Kamis', 17, 'X PPLG 2', 13, 'Yuli Mulyawati, S.Pd', 'Jam ke 9-10'),
(261, 5, 'Jum\'at', 17, 'X PPLG 2', 8, 'Achmad Bismar W, S.Pd.I', 'Jam ke 2-4'),
(262, 5, 'Jum\'at', 17, 'X PPLG 2', 125, 'Dafril Ashadi, S.Kom.', 'Jam ke 5-10'),
(263, 1, 'Senin', 18, 'X Pht 1', 97, 'Sugeng, S.Pd', 'Jam ke 2-5'),
(264, 1, 'Senin', 18, 'X Pht 1', 102, 'Insani Rahmawati, S.Tr. Par', 'Jam ke 6-11'),
(265, 2, 'Selasa', 18, 'X Pht 1', 102, 'Insani Rahmawati, S.Tr. Par', 'Jam ke 1-6'),
(266, 2, 'Selasa', 18, 'X Pht 1', 148, 'Yunita Sari, S.Pd', 'Jam ke 7'),
(267, 2, 'Selasa', 18, 'X Pht 1', 55, 'Yuli Seti Purwaningsih, S.Pd', 'Jam ke 8-10'),
(268, 3, 'Rabu', 18, 'X Pht 1', 30, 'Nurjanah, M.Pd.', 'Jam ke 1-4'),
(269, 3, 'Rabu', 18, 'X Pht 1', 12, 'Erfika Kumalasari, M.Pd', 'Jam ke 5-6'),
(270, 3, 'Rabu', 18, 'X Pht 1', 50, 'Trisna Asili Bhawantu, S.Pd', 'Jam ke 7-8'),
(271, 3, 'Rabu', 18, 'X Pht 1', 34, 'Murniyati, S.Pd', 'Jam ke 9'),
(272, 3, 'Rabu', 18, 'X Pht 1', 145, 'Falahudin, S.Pd.', 'Jam ke 10'),
(273, 4, 'Kamis', 18, 'X Pht 1', 61, 'Aprilyanti, S.Si', 'Jam ke 1-6'),
(274, 4, 'Kamis', 18, 'X Pht 1', 22, 'Andhita Marcelia, S.Pd', 'Jam ke 7-10'),
(275, 5, 'Jum\'at', 18, 'X Pht 1', 79, 'Agustina Damayanti, S.Pd', 'Jam ke 2-5'),
(276, 5, 'Jum\'at', 18, 'X Pht 1', 12, 'Erfika Kumalasari, M.Pd', 'Jam ke 6-7'),
(277, 5, 'Jum\'at', 18, 'X Pht 1', 8, 'Achmad Bismar W, S.Pd.I', 'Jam ke 8-10'),
(278, 1, 'Senin', 19, 'X Pht 2', 61, 'Aprilyanti, S.Si', 'Jam ke 2-7'),
(279, 1, 'Senin', 19, 'X Pht 2', 77, 'Dwi Ralimawati, S.Pd', 'Jam ke 8-11'),
(280, 2, 'Selasa', 19, 'X Pht 2', 107, 'Rama Santika A.Md.Par', 'Jam ke 1-6'),
(281, 2, 'Selasa', 19, 'X Pht 2', 12, 'Erfika Kumalasari, M.Pd', 'Jam ke 7-8'),
(282, 2, 'Selasa', 19, 'X Pht 2', 50, 'Trisna Asili Bhawantu, S.Pd', 'Jam ke 9-10'),
(283, 3, 'Rabu', 19, 'X Pht 2', 148, 'Yunita Sari, S.Pd', 'Jam ke 1'),
(284, 3, 'Rabu', 19, 'X Pht 2', 145, 'Falahudin, S.Pd.', 'Jam ke 2'),
(285, 3, 'Rabu', 19, 'X Pht 2', 12, 'Erfika Kumalasari, M.Pd', 'Jam ke 3-4'),
(286, 3, 'Rabu', 19, 'X Pht 2', 8, 'Achmad Bismar W, S.Pd.I', 'Jam ke 5-7'),
(287, 3, 'Rabu', 19, 'X Pht 2', 55, 'Yuli Seti Purwaningsih, S.Pd', 'Jam ke 8-10'),
(288, 4, 'Kamis', 19, 'X Pht 2', 107, 'Rama Santika A.Md.Par', 'Jam ke 1-6'),
(289, 4, 'Kamis', 19, 'X Pht 2', 97, 'Sugeng, S.Pd', 'Jam ke 7-10'),
(290, 5, 'Jum\'at', 19, 'X Pht 2', 32, 'Cucu Herlina S.Pd', 'Jam ke 2-5'),
(291, 5, 'Jum\'at', 19, 'X Pht 2', 35, 'Citra Haningtyas, S.Pd', 'Jam ke 6'),
(292, 5, 'Jum\'at', 19, 'X Pht 2', 21, 'Resliky Thofan D, S.Pd', 'Jam ke 7-10'),
(293, 1, 'Senin', 20, 'X Pht 3', 145, 'Falahudin, S.Pd.', 'Jam ke 2'),
(294, 1, 'Senin', 20, 'X Pht 3', 148, 'Yunita Sari, S.Pd', 'Jam ke 3'),
(295, 1, 'Senin', 20, 'X Pht 3', 20, 'Chandra Kusuma, M.Pd', 'Jam ke 4-7'),
(296, 1, 'Senin', 20, 'X Pht 3', 33, 'Utari Rezki, S.Pd', 'Jam ke 8-11'),
(297, 2, 'Selasa', 20, 'X Pht 3', 45, 'Nuril Astuti, S.Pd', 'Jam ke 1-4'),
(298, 2, 'Selasa', 20, 'X Pht 3', 50, 'Trisna Asili Bhawantu, S.Pd', 'Jam ke 5-6'),
(299, 2, 'Selasa', 20, 'X Pht 3', 35, 'Citra Haningtyas, S.Pd', 'Jam ke 7'),
(300, 2, 'Selasa', 20, 'X Pht 3', 8, 'Achmad Bismar W, S.Pd.I', 'Jam ke 8-10'),
(301, 3, 'Rabu', 20, 'X Pht 3', 61, 'Aprilyanti, S.Si', 'Jam ke 1-6'),
(302, 3, 'Rabu', 20, 'X Pht 3', 12, 'Erfika Kumalasari, M.Pd', 'Jam ke 7-8'),
(303, 3, 'Rabu', 20, 'X Pht 3', 14, 'Corry Lusia Sinaga S.E', 'Jam ke 9-10'),
(304, 4, 'Kamis', 20, 'X Pht 3', 77, 'Dwi Ralimawati, S.Pd', 'Jam ke 1-4'),
(305, 4, 'Kamis', 20, 'X Pht 3', 102, 'Insani Rahmawati, S.Tr. Par', 'Jam ke 5-10'),
(306, 5, 'Jumat', 20, 'X Pht 3', 102, 'Insani Rahmawati, S.Tr. Par', 'Jam ke 2-7'),
(307, 5, 'Jumat', 20, 'X Pht 3', 57, 'Ahmad Gempar, S.Pd', 'Jam ke 8-10'),
(308, 1, 'Senin', 21, 'X Kul 1', 44, 'Sukmawati, S.Pd.', 'Jam ke 2-5'),
(309, 1, 'Senin', 21, 'X Kul 1', 14, 'Corry Lusia Sinaga S.E', 'Jam ke 6-7'),
(310, 1, 'Senin', 21, 'X Kul 1', 30, 'Nurjanah, M.Pd.', 'Jam ke 8-11'),
(311, 2, 'Selasa', 21, 'X Kul 1', 135, 'lin Mariyanti, S.S', 'Jam ke 1-6'),
(312, 2, 'Selasa', 21, 'X Kul 1', 76, 'Putri Ayu Eka Ramadhani, S.Pd, M,Pd', 'Jam ke 7-10'),
(313, 3, 'Rabu', 21, 'X Kul 1', 135, 'lin Mariyanti, S.S', 'Jam ke 1-6'),
(314, 3, 'Rabu', 21, 'X Kul 1', 22, 'Andhita Marcelia, S.Pd', 'Jam ke 7-10'),
(315, 4, 'Kamis', 21, 'X Kul 1', 36, 'Heni Ayu Pertiwi, S.Si', 'Jam ke 1-6'),
(316, 4, 'Kamis', 21, 'X Kul 1', 35, 'Citra Haningtyas, S.Pd', 'Jam ke 7'),
(317, 4, 'Kamis', 21, 'X Kul 1', 56, 'Indri Julianti Afnil, S.Pd', 'Jam ke 8-10'),
(318, 5, 'Jum\'at', 21, 'X Kul 1', 38, 'Anita Tri Setiani, S.Pd', 'Jam ke 2-3'),
(319, 5, 'Jum\'at', 21, 'X Kul 1', 148, 'Yunita Sari, S.Pd', 'Jam ke 4'),
(320, 5, 'Jum\'at', 21, 'X Kul 1', 8, 'Achmad Bismar W, S.Pd.I', 'Jam ke 5-7'),
(321, 5, 'Jum\'at', 21, 'X Kul 1', 49, 'Wita Asiyah, S.Pd', 'Jam ke 4-9'),
(322, 5, 'Jum\'at', 21, 'X Kul 1', 140, 'Misna Yunita. S.Pd.', 'Jam ke 10'),
(323, 1, 'Senin', 22, 'X Kul 2', 48, 'Dra. Rez Nurlela', 'Jam ke 2-5'),
(324, 1, 'Senin', 22, 'X Kul 2', 132, 'Marydawati Turnip, S.Pd.', 'Jam ke 6-11'),
(325, 2, 'Selasa', 22, 'X Kul 2', 36, 'Heni Ayu Pertiwi, S.Si', 'Jam ke 1'),
(326, 2, 'Selasa', 22, 'X Kul 2', 141, 'Laedy Puspita Putri Taupan, S.Pd.', 'Jam ke 2'),
(327, 2, 'Selasa', 22, 'X Kul 2', 49, 'Wita Asiyah, S.Pd', 'Jam ke 3-4'),
(328, 2, 'Selasa', 22, 'X Kul 2', 132, 'Marydawati Turnip, S.Pd.', 'Jam ke 5-10'),
(329, 3, 'Rabu', 22, 'X Kul 2', 37, 'Sandria Febrianti, S.Si', 'Jam ke 1-6'),
(330, 3, 'Rabu', 22, 'X Kul 2', 23, 'Tiara Elifia Rista, S.Pd', 'Jam ke 7-10'),
(331, 4, 'Kamis', 22, 'X Kul 2', 30, 'Nurjanah, M.Pd.', 'Jam ke 1-4'),
(332, 4, 'Kamis', 22, 'X Kul 2', 148, 'Yunita Sari, S.Pd', 'Jam ke 5'),
(333, 4, 'Kamis', 22, 'X Kul 2', 13, 'Yuli Mulyawati, S.Pd', 'Jam ke 6-7'),
(334, 4, 'Kamis', 22, 'X Kul 2', 8, 'Achmad Bismar W, S.Pd.I', 'Jam ke 8-10'),
(335, 5, 'Jum\'at', 22, 'X Kul 2', 56, 'Indri Julianti Afnil, S.Pd', 'Jam ke 2-4'),
(336, 5, 'Jum\'at', 22, 'X Kul 2', 76, 'Putri Ayu Eka Ramadhani, S.Pd, M,Pd', 'Jam ke 5-8'),
(337, 5, 'Jum\'at', 22, 'X Kul 2', 38, 'Anita Tri Setiani, S.Pd', 'Jam ke 9-10'),
(338, 1, 'Senin', 23, 'X Bus 1', 41, 'Sulasmi, S Pd. M M', 'Jam ke 2-5'),
(339, 1, 'Senin', 23, 'X Bus 1', 34, 'Murniyati, S.Pd', 'Jam ke 6-11'),
(340, 2, 'Selasa', 23, 'X Bus 1', 14, 'Corry Lusia Sinaga S.E', 'Jam ke 1-2'),
(341, 2, 'Selasa', 23, 'X Bus 1', 35, 'Citra Haningtyas, S.Pd', 'Jam ke 3-6'),
(342, 2, 'Selasa', 23, 'X Bus 1', 49, 'Wita Asiyah, S.Pd', 'Jam ke 7-8'),
(343, 2, 'Selasa', 23, 'X Bus 1', 38, 'Anita Tri Setiani, S.Pd', 'Jam ke 9-10'),
(344, 3, 'Rabu', 23, 'X Bus 1', 36, 'Heni Ayu Pertiwi, S.Si', 'Jam ke 1'),
(345, 3, 'Rabu', 23, 'X Bus 1', 148, 'Yunita Sari, S.Pd', 'Jam ke 2'),
(346, 3, 'Rabu', 23, 'X Bus 1', 141, 'Laedy Puspita Putri Taupan, S.Pd.', 'Jam ke 3'),
(347, 3, 'Rabu', 23, 'X Bus 1', 17, 'Gina Anggriana, S.Pd', 'Jam ke 4-7'),
(348, 3, 'Rabu', 23, 'X Bus 1', 8, 'Achmad Bismar W, S.Pd.I', 'Jam ke 8-10'),
(349, 4, 'Kamis', 23, 'X Bus 1', 70, 'Kartika Sari, S.Pd', 'Jam ke 1-4'),
(350, 4, 'Kamis', 23, 'X Bus 1', 128, 'Ulfi Zakiyah, S.Sn', 'Jam ke 5-10'),
(351, 5, 'Jum\'at', 23, 'X Bus 1', 128, 'Ulfi Zakiyah, S.Sn', 'Jam ke 2-7'),
(352, 5, 'Jum\'at', 23, 'X Bus 1', 56, 'Indri Julianti Afnil, S.Pd', 'Jam ke 8-10'),
(353, 1, 'Senin', 24, 'X Bus 2', 141, 'Laedy Puspita Putri Taupan, S.Pd.', 'Jam ke 2'),
(354, 1, 'Senin', 24, 'X Bus 2', 35, 'Citra Haningtyas, S.Pd', 'Jam ke 3-8'),
(355, 1, 'Senin', 24, 'X Bus 2', 56, 'Indri Julianti Afnil, S.Pd', 'Jam ke 9-11'),
(356, 2, 'Selasa', 24, 'X Bus 2', 37, 'Sandria Febrianti, S.Si', 'Jam ke 1-4'),
(357, 2, 'Selasa', 24, 'X Bus 2', 70, 'Kartika Sari, S.Pd', 'Jam ke 5-8'),
(358, 2, 'Selasa', 24, 'X Bus 2', 40, 'Citra Rafika Utari, S Pd', 'Jam ke 9-10'),
(359, 3, 'Rabu', 24, 'X Bus 2', 41, 'Sulasmi, S Pd. M M', 'Jam ke 1-4'),
(360, 3, 'Rabu', 24, 'X Bus 2', 50, 'Trisna Asili Bhawantu, S.Pd', 'Jam ke 5-6'),
(361, 3, 'Rabu', 24, 'X Bus 2', 20, 'Chandra Kusuma, M.Pd', 'Jam ke 7-10'),
(362, 4, 'Kamis', 24, 'X Bus 2', 6, 'Nur Fadillah, S.Pd.I', 'Jam ke 1-3'),
(363, 4, 'Kamis', 24, 'X Bus 2', 148, 'Yunita Sari, S.Pd', 'Jam ke 4'),
(364, 4, 'Kamis', 24, 'X Bus 2', 130, 'Numa Ima  S.Pd', 'Jam ke 5-10'),
(365, 5, 'Jum\'at', 24, 'X Bus 2', 130, 'Numa Ima  S.Pd', 'Jam ke 2-7'),
(366, 5, 'Jum\'at', 24, 'X Bus 2', 36, 'Heni Ayu Pertiwi, S.Si', 'Jam ke 8'),
(367, 5, 'Jum\'at', 24, 'X Bus 2', 13, 'Yuli Mulyawati, S.Pd', 'Jam ke 9-10'),
(368, 1, 'Senin', 25, 'XI AKL 1', 81, 'Ria Handayani, S.E', 'Jam ke 2-6'),
(369, 1, 'Senin', 25, 'XI AKL 1', 69, 'Sri Mulaydina  S.Pd', 'Jam ke 7-11'),
(370, 2, 'Selasa', 25, 'XI AKL 1', 140, 'Misna Yunita. S.Pd.', 'Jam ke 1'),
(371, 2, 'Selasa', 25, 'XI AKL 1', 75, 'Reni Usman, S.Pd', 'Jam ke 2-5'),
(372, 2, 'Selasa', 25, 'XI AKL 1', 37, 'Sandria Febrianti, S.Si', 'Jam ke 6'),
(373, 2, 'Selasa', 25, 'XI AKL 1', 58, 'Wiranti Kusparwati, S.Pd', 'Jam ke 7-8'),
(374, 2, 'Selasa', 25, 'XI AKL 1', 12, 'Erfika Kumalasari, M.Pd', 'Jam ke 9-10'),
(375, 3, 'Rabu', 25, 'XI AKL 1', 67, 'Omy Firliany Hanafiah, S.Pd., M.Si', 'Jam ke 1-2'),
(376, 3, 'Rabu', 25, 'XI AKL 1', 51, 'Nelda Susanti, S.Pd', 'Jam ke 3'),
(377, 3, 'Rabu', 25, 'XI AKL 1', 70, 'Kartika Sari, S.Pd', 'Jam ke 4-7'),
(378, 3, 'Rabu', 25, 'XI AKL 1', 19, 'Carina Aurelia, S.Pd', 'Jam ke 8-10'),
(379, 4, 'Kamis', 25, 'XI AKL 1', 48, 'Dra. Rez Nurlela', 'Jam ke 1-4'),
(380, 4, 'Kamis', 25, 'XI AKL 1', 38, 'Anita Tri Setiani, S.Pd', 'Jam ke 5-6'),
(381, 4, 'Kamis', 25, 'XI AKL 1', 72, 'Drs. H.Sujana Mei Raharja M.Pd', 'Jam ke 7-10'),
(382, 5, 'Jum\'at', 25, 'XI AKL 1', 67, 'Omy Firliany Hanafiah, S.Pd., M.Si', 'Jam ke 2'),
(383, 5, 'Jum\'at', 25, 'XI AKL 1', 3, 'Dzuli Kamala, M.Pd.I', 'Jam ke 3-5'),
(384, 5, 'Jum\'at', 25, 'XI AKL 1', 78, 'Mutiara Iwana S.Pd', 'Jam ke 6-7'),
(385, 5, 'Jum\'at', 25, 'XI AKL 1', 26, 'Hj. Zahria Hadiyati, S.Pd', 'Jam ke 8-10'),
(386, 1, 'Senin', 26, 'XI AKL 2', 13, 'Yuli Mulyawati, S.Pd', 'Jam ke 2-3'),
(387, 1, 'Senin', 26, 'XI AKL 2', 71, 'Elya Yulina S.Pd', 'Jam ke 4-5'),
(388, 1, 'Senin', 26, 'XI AKL 2', 38, 'Anita Tri Setiani, S.Pd', 'Jam ke 6-7'),
(389, 1, 'Senin', 26, 'XI AKL 2', 73, 'Martono, S.E', 'Jam ke 8-11'),
(390, 2, 'Selasa', 26, 'XI AKL 2', 48, 'Dra. Rez Nurlela', 'Jam ke 1-4'),
(391, 2, 'Selasa', 26, 'XI AKL 2', 58, 'Wiranti Kusparwati, S.Pd', 'Jam ke 5-6'),
(392, 2, 'Selasa', 26, 'XI AKL 2', 140, 'Misna Yunita. S.Pd.', 'Jam ke 7'),
(393, 2, 'Selasa', 26, 'XI AKL 2', 3, 'Dzuli Kamala, M.Pd.I', 'Jam ke 8-10'),
(394, 3, 'Rabu', 26, 'XI AKL 2', 76, 'Putri Ayu Eka Ramadhani, S.Pd, M,Pd', 'Jam ke 1-4'),
(395, 3, 'Rabu', 26, 'XI AKL 2', 78, 'Mutiara Iwana S.Pd', 'Jam ke 5-9'),
(396, 3, 'Rabu', 26, 'XI AKL 2', 75, 'Reni Usman, S.Pd', 'Jam ke 10'),
(397, 4, 'Kamis', 26, 'XI AKL 2', 66, 'Hj.Yasminarti, S.E.,M.M', 'Jam ke 1-4'),
(398, 4, 'Kamis', 26, 'XI AKL 2', 37, 'Sandria Febrianti, S.Si', 'Jam ke 5'),
(399, 4, 'Kamis', 26, 'XI AKL 2', 67, 'Omy Firliany Hanafiah, S.Pd., M.Si', 'Jam ke 6-10'),
(400, 5, 'Jum\'at', 26, 'XI AKL 2', 28, 'Marlena S.Pd.', 'Jam ke 2-4'),
(401, 5, 'Jum\'at', 26, 'XI AKL 2', 75, 'Reni Usman, S.Pd', 'Jam ke 5-6'),
(402, 5, 'Jum\'at', 26, 'XI AKL 2', 19, 'Carina Aurelia, S.Pd', 'Jam ke 7-9'),
(403, 5, 'Jum\'at', 26, 'XI AKL 2', 51, 'Nelda Susanti, S.Pd', 'Jam ke 10'),
(404, 1, 'Senin', 27, 'XI AKL 3', 14, 'Corry Lusia Sinaga S.E', 'Jam ke 2-3'),
(405, 1, 'Senin', 27, 'XI AKL 3', 69, 'Sri Mulaydina  S.Pd', 'Jam ke 4'),
(406, 1, 'Senin', 27, 'XI AKL 3', 28, 'Marlena S.Pd.', 'Jam ke 5-7'),
(407, 1, 'Senin', 27, 'XI AKL 3', 140, 'Misna Yunita. S.Pd.', 'Jam ke 8'),
(408, 1, 'Senin', 27, 'XI AKL 3', 19, 'Carina Aurelia, S.Pd', 'Jam ke 9-11'),
(409, 2, 'Selasa', 27, 'XI AKL 3', 70, 'Kartika Sari, S.Pd', 'Jam ke 1-4'),
(410, 2, 'Selasa', 27, 'XI AKL 3', 37, 'Sandria Febrianti, S.Si', 'Jam ke 5'),
(411, 2, 'Selasa', 27, 'XI AKL 3', 78, 'Mutiara Iwana S.Pd', 'Jam ke 6-10'),
(412, 3, 'Rabu', 27, 'XI AKL 3', 48, 'Dra. Rez Nurlela', 'Jam ke 1-4'),
(413, 3, 'Rabu', 27, 'XI AKL 3', 71, 'Elya Yulina S.Pd', 'Jam ke 5-6'),
(414, 3, 'Rabu', 27, 'XI AKL 3', 39, 'Meri Susanti, M.Pd', 'Jam ke 7-8'),
(415, 3, 'Rabu', 27, 'XI AKL 3', 58, 'Wiranti Kusparwati, S.Pd', 'Jam ke 9-10'),
(416, 4, 'Kamis', 27, 'XI AKL 3', 67, 'Omy Firliany Hanafiah, S.Pd., M.Si', 'Jam ke 1-2'),
(417, 4, 'Kamis', 27, 'XI AKL 3', 51, 'Nelda Susanti, S.Pd', 'Jam ke 3'),
(418, 4, 'Kamis', 27, 'XI AKL 3', 2, 'Drs. Ismatullah', 'Jam ke 4-6'),
(419, 4, 'Kamis', 27, 'XI AKL 3', 76, 'Putri Ayu Eka Ramadhani, S.Pd, M,Pd', 'Jam ke 7-10'),
(420, 5, 'Jum\'at', 27, 'XI AKL 3', 66, 'Hj.Yasminarti, S.E.,M.M', 'Jam ke 2-6'),
(421, 5, 'Jum\'at', 27, 'XI AKL 3', 73, 'Martono, S.E', 'Jam ke 7-10'),
(422, 1, 'Senin', 28, 'XI AKL 4', 11, 'Ricadesta Amalia S.Pd', 'Jam ke 2-3'),
(423, 1, 'Senin', 28, 'XI AKL 4', 73, 'Martono, S.E', 'Jam ke 4-7'),
(424, 1, 'Senin', 28, 'XI AKL 4', 76, 'Putri Ayu Eka Ramadhani, S.Pd, M,Pd', 'Jam ke 8-11'),
(425, 2, 'Selasa', 28, 'XI AKL 4', 42, 'Wayan Sukanta M.Pd', 'Jam ke 1-4'),
(426, 2, 'Selasa', 28, 'XI AKL 4', 59, 'Bema Hayuliani, S.Pd', 'Jam ke 5-6'),
(427, 2, 'Selasa', 28, 'XI AKL 4', 39, 'Meri Susanti, M.Pd', 'Jam ke 7-8'),
(428, 2, 'Selasa', 28, 'XI AKL 4', 67, 'Omy Firliany Hanafiah, S.Pd., M.Si', 'Jam ke 9-10'),
(429, 3, 'Rabu', 28, 'XI AKL 4', 18, 'Santi Noviyana, S.Pd', 'Jam ke 1-3'),
(430, 3, 'Rabu', 28, 'XI AKL 4', 51, 'Nelda Susanti, S.Pd', 'Jam ke 4'),
(431, 3, 'Rabu', 28, 'XI AKL 4', 67, 'Omy Firliany Hanafiah, S.Pd., M.Si', 'Jam ke 5'),
(432, 3, 'Rabu', 28, 'XI AKL 4', 2, 'Drs. Ismatullah', 'Jam ke 6-8'),
(433, 3, 'Rabu', 28, 'XI AKL 4', 71, 'Elya Yulina S.Pd', 'Jam ke 9-10'),
(434, 4, 'Kamis', 28, 'XI AKL 4', 140, 'Misna Yunita. S.Pd.', 'Jam ke 1'),
(435, 4, 'Kamis', 28, 'XI AKL 4', 37, 'Sandria Febrianti, S.Si', 'Jam ke 2'),
(436, 4, 'Kamis', 28, 'XI AKL 4', 78, 'Mutiara Iwana S.Pd', 'Jam ke 3-7'),
(437, 4, 'Kamis', 28, 'XI AKL 4', 28, 'Marlena S.Pd.', 'Jam ke 8-10'),
(438, 5, 'Jum\'at', 28, 'XI AKL 4', 70, 'Kartika Sari, S.Pd', 'Jam ke 2-5'),
(439, 5, 'Jum\'at', 28, 'XI AKL 4', 69, 'Sri Mulaydina  S.Pd', 'Jam ke 6-10'),
(440, 1, 'Senin', 29, 'XI AKL 5', 28, 'Marlena S.Pd.', 'Jam ke 2-4'),
(441, 1, 'Senin', 29, 'XI AKL 5', 39, 'Meri Susanti, M.Pd', 'Jam ke 5-6'),
(442, 1, 'Senin', 29, 'XI AKL 5', 78, 'Mutiara Iwana S.Pd', 'Jam ke 7-11'),
(443, 2, 'Selasa', 29, 'XI AKL 5', 55, 'Yuli Seti Purwaningsih, S.Pd', 'Jam ke 1-2'),
(444, 2, 'Selasa', 29, 'XI AKL 5', 14, 'Corry Lusia Sinaga S.E', 'Jam ke 3-4'),
(445, 2, 'Selasa', 29, 'XI AKL 5', 66, 'Hj.Yasminarti, S.E.,M.M', 'Jam ke 5-9'),
(446, 2, 'Selasa', 29, 'XI AKL 5', 51, 'Nelda Susanti, S.Pd', 'Jam ke 10'),
(447, 3, 'Rabu', 29, 'XI AKL 5', 2, 'Drs. Ismatullah', 'Jam ke 1-3'),
(448, 3, 'Rabu', 29, 'XI AKL 5', 67, 'Omy Firliany Hanafiah, S.Pd., M.Si', 'Jam ke 4 & 9-10'),
(449, 3, 'Rabu', 29, 'XI AKL 5', 66, 'Hj.Yasminarti, S.E.,M.M', 'Jam ke 5-8'),
(450, 4, 'Kamis', 29, 'XI AKL 5', 72, 'Drs. H.Sujana Mei Raharja M.Pd', 'Jam ke 1-4'),
(451, 4, 'Kamis', 29, 'XI AKL 5', 140, 'Misna Yunita. S.Pd.', 'Jam ke 5'),
(452, 4, 'Kamis', 29, 'XI AKL 5', 18, 'Santi Noviyana, S.Pd', 'Jam ke 6-8'),
(453, 4, 'Kamis', 29, 'XI AKL 5', 78, 'Mutiara Iwana S.Pd', 'Jam ke 9-10'),
(454, 5, 'Jum\'at', 29, 'XI AKL 5', 42, 'Wayan Sukanta M.Pd', 'Jam ke 2-5'),
(455, 5, 'Jum\'at', 29, 'XI AKL 5', 37, 'Sandria Febrianti, S.Si', 'Jam ke 6'),
(456, 5, 'Jum\'at', 29, 'XI AKL 5', 74, 'Ngatimin, S.E', 'Jam ke 7-10'),
(457, 1, 'Senin', 30, 'XI MPLB', 82, 'Pungky Ayu Lestari, S.Pd', 'Jam ke 2-5'),
(458, 1, 'Senin', 30, 'XI MPLB', 3, 'Dzuli Kamala, M.Pd.I', 'Jam ke 6-8'),
(459, 1, 'Senin', 30, 'XI MPLB', 85, 'Devita Sari, S.Sos', 'Jam ke 9-11'),
(460, 2, 'Selasa', 30, 'XI MPLB', 84, 'Hj. Siti Uswatun Khasanah, M.Pd', 'Jam ke 1-6'),
(461, 2, 'Selasa', 30, 'XI MPLB', 38, 'Anita Tri Setiani, S.Pd', 'Jam ke 7-8'),
(462, 2, 'Selasa', 30, 'XI MPLB', 58, 'Wiranti Kusparwati, S.Pd', 'Jam ke 9-10'),
(463, 3, 'Rabu', 30, 'XI MPLB', 47, 'Martalinda, S.Pd', 'Jam ke 1-4'),
(464, 3, 'Rabu', 30, 'XI MPLB', 51, 'Nelda Susanti, S.Pd', 'Jam ke 5'),
(465, 3, 'Rabu', 30, 'XI MPLB', 86, 'Syelfma Octriani, S.Sos', 'Jam ke 6-10'),
(466, 4, 'Kamis', 30, 'XI MPLB', 22, 'Andhita Marcelia, S.Pd', 'Jam ke 1-3'),
(467, 4, 'Kamis', 30, 'XI MPLB', 37, 'Sandria Febrianti, S.Si', 'Jam ke 4'),
(468, 4, 'Kamis', 30, 'XI MPLB', 139, 'Nani Wulandari, S.Pd.', 'Jam ke 5'),
(469, 4, 'Kamis', 30, 'XI MPLB', 9, 'Dwipa Fredy Putri, M.Pd.', 'Jam ke 6-7'),
(470, 4, 'Kamis', 30, 'XI MPLB', 83, 'Dra. Hj. Alina', 'Jam ke 8-10'),
(471, 5, 'Kamis', 30, 'XI MPLB', 82, 'Pungky Ayu Lestari, S.Pd', 'Jam ke 2-7'),
(472, 5, 'Kamis', 30, 'XI MPLB', 24, 'Dra. Sri Wahyuni, M.M', 'Jam ke 8-10'),
(473, 1, 'Senin', 31, 'XI Pem 1', 121, 'Rahmi Permata Hati, S.Kom', 'Jam ke 2-5'),
(474, 1, 'Senin', 31, 'XI Pem 1', 19, 'Carina Aurelia, S.Pd', 'Jam ke 6'),
(475, 1, 'Senin', 31, 'XI Pem 1', 81, 'Ria Handayani, S.E', 'Jam ke 7-11'),
(476, 2, 'Selasa', 31, 'XI Pem 1', 47, 'Martalinda, S.Pd', 'Jam ke 1-4'),
(477, 2, 'Selasa', 31, 'XI Pem 1', 90, 'Hj. Ela Krisdiana S.Pd', 'Jam ke 5-10'),
(478, 3, 'Rabu', 31, 'XI Pem 1', 51, 'Nelda Susanti, S.Pd', 'Jam ke 1'),
(479, 3, 'Rabu', 31, 'XI Pem 1', 92, 'Fasmita, S.E', 'Jam ke 2-7'),
(480, 3, 'Rabu', 31, 'XI Pem 1', 3, 'Dzuli Kamala, M.Pd.I', 'Jam ke 8-10'),
(481, 4, 'Kamis', 31, 'XI Pem 1', 38, 'Anita Tri Setiani, S.Pd', 'Jam ke 1-2'),
(482, 4, 'Kamis', 31, 'XI Pem 1', 13, 'Yuli Mulyawati, S.Pd', 'Jam ke 3-4'),
(483, 4, 'Kamis', 31, 'XI Pem 1', 59, 'Bema Hayuliani, S.Pd', 'Jam ke 5-6'),
(484, 4, 'Kamis', 31, 'XI Pem 1', 143, 'Annisa Anggrayani, S.Pd.', 'Jam ke 7'),
(485, 4, 'Kamis', 31, 'XI Pem 1', 26, 'Hj. Zahria Hadiyati, S.Pd', 'Jam ke 8-10'),
(486, 5, 'Jum\'at', 31, 'XI Pem 1', 89, 'Hj. Euis Nurhayati, SE., M.M.', 'Jam ke 2-7'),
(487, 5, 'Jum\'at', 31, 'XI Pem 1', 20, 'Chandra Kusuma, M.Pd', 'Jam ke 8-10'),
(488, 1, 'Senin', 32, 'XI Pem 2', 38, 'Anita Tri Setiani, S.Pd', 'Jam ke 2-3'),
(489, 1, 'Senin', 32, 'XI Pem 2', 89, 'Hj. Euis Nurhayati, SE., M.M.', 'Jam ke 4-9'),
(490, 1, 'Senin', 32, 'XI Pem 2', 55, 'Yuli Seti Purwaningsih, S.Pd', 'Jam ke 10-11'),
(491, 2, 'Selasa', 32, 'XI Pem 2', 143, 'Annisa Anggrayani, S.Pd.', 'Jam ke 1'),
(492, 2, 'Selasa', 32, 'XI Pem 2', 20, 'Chandra Kusuma, M.Pd', 'Jam ke 2-4'),
(493, 2, 'Selasa', 32, 'XI Pem 2', 12, 'Erfika Kumalasari, M.Pd', 'Jam ke 5-6'),
(494, 2, 'Selasa', 32, 'XI Pem 2', 51, 'Nelda Susanti, S.Pd', 'Jam ke 7'),
(495, 2, 'Selasa', 32, 'XI Pem 2', 26, 'Hj. Zahria Hadiyati, S.Pd', 'Jam ke 8-10'),
(496, 3, 'Rabu', 32, 'XI Pem 2', 81, 'Ria Handayani, S.E', 'Jam ke 1-5'),
(497, 3, 'Rabu', 32, 'XI Pem 2', 19, 'Carina Aurelia, S.Pd', 'Jam ke 6'),
(498, 3, 'Rabu', 32, 'XI Pem 2', 121, 'Rahmi Permata Hati, S.Kom', 'Jam ke 7-10'),
(499, 4, 'Kamis', 32, 'XI Pem 2', 90, 'Hj. Ela Krisdiana S.Pd', 'Jam ke 1-6'),
(500, 4, 'Kamis', 32, 'XI Pem 2', 47, 'Martalinda, S.Pd', 'Jam ke 7-10'),
(501, 5, 'Jum\'at', 32, 'XI Pem 2', 92, 'Fasmita, S.E', 'Jam ke 2-7'),
(502, 5, 'Jum\'at', 32, 'XI Pem 2', 3, 'Dzuli Kamala, M.Pd.I', 'Jam ke 8-10'),
(503, 1, 'Senin', 33, 'XI Pem 3', 51, 'Nelda Susanti, S.Pd', 'Jam ke 2'),
(504, 1, 'Senin', 33, 'XI Pem 3', 143, 'Annisa Anggrayani, S.Pd.', 'Jam ke 3'),
(505, 1, 'Senin', 33, 'XI Pem 3', 38, 'Anita Tri Setiani, S.Pd', 'Jam ke 4-5'),
(506, 1, 'Senin', 33, 'XI Pem 3', 92, 'Fasmita, S.E', 'Jam ke 6-11'),
(507, 2, 'Selasa', 33, 'XI Pem 3', 89, 'Hj. Euis Nurhayati, SE., M.M.', 'Jam ke 1-6'),
(508, 2, 'Selasa', 33, 'XI Pem 3', 20, 'Chandra Kusuma, M.Pd', 'Jam ke 7-9'),
(509, 2, 'Selasa', 33, 'XI Pem 3', 17, 'Gina Anggriana, S.Pd', 'Jam ke 10'),
(510, 3, 'Rabu', 33, 'XI Pem 3', 54, 'Alekka Hermawan, S.Pd', 'Jam ke 1-2'),
(511, 3, 'Rabu', 33, 'XI Pem 3', 121, 'Rahmi Permata Hati, S.Kom', 'Jam ke 3-6'),
(512, 3, 'Rabu', 33, 'XI Pem 3', 47, 'Martalinda, S.Pd', 'Jam ke 7-10'),
(513, 4, 'Kamis', 33, 'XI Pem 3', 91, 'Adha Marlins S.E', 'Jam ke 1-5'),
(514, 4, 'Kamis', 33, 'XI Pem 3', 14, 'Corry Lusia Sinaga S.E', 'Jam ke 6-7'),
(515, 4, 'Kamis', 33, 'XI Pem 3', 3, 'Dzuli Kamala, M.Pd.I', 'Jam ke 8-10'),
(516, 5, 'Jum\'at', 33, 'XI Pem 3', 26, 'Hj. Zahria Hadiyati, S.Pd', 'Jam ke 2-4'),
(517, 5, 'Jum\'at', 33, 'XI Pem 3', 90, 'Hj. Ela Krisdiana S.Pd', 'Jam ke 5-10'),
(518, 1, 'Senin', 34, 'XI ULP 1', 2, 'Drs. Ismatullah', 'Jam ke 2-4'),
(519, 1, 'Senin', 34, 'XI ULP 1', 27, 'Novilia S.Pd', 'Jam ke 5-7'),
(520, 1, 'Senin', 34, 'XI ULP 1', 98, 'Estianti, S.Pd', 'Jam ke 8-11'),
(521, 2, 'Selasa', 34, 'XI ULP 1', 145, 'Falahudin, S.Pd.', 'Jam ke 1'),
(522, 2, 'Selasa', 34, 'XI ULP 1', 95, 'Damaiyanti, S.S', 'Jam ke 2-5'),
(523, 2, 'Selasa', 34, 'XI ULP 1', 53, 'Yesi Puspitasari, S.Pd', 'Jam ke 6-10'),
(524, 3, 'Rabu', 34, 'XI ULP 1', 12, 'Erfika Kumalasari, M.Pd', 'Jam ke 1-2'),
(525, 3, 'Rabu', 34, 'XI ULP 1', 22, 'Andhita Marcelia, S.Pd', 'Jam ke 3-5'),
(526, 3, 'Rabu', 34, 'XI ULP 1', 95, 'Damaiyanti, S.S', 'Jam ke 6-9'),
(527, 3, 'Rabu', 34, 'XI ULP 1', 17, 'Gina Anggriana, S.Pd', 'Jam ke 10'),
(528, 4, 'Kamis', 34, 'XI ULP 1', 95, 'Damaiyanti, S.S', 'Jam ke 1-4'),
(529, 4, 'Kamis', 34, 'XI ULP 1', 99, 'Putri Auggraini, S.S', 'Jam ke 5-10'),
(530, 5, 'Jum\'at', 34, 'XI ULP 1', 97, 'Sugeng, S.Pd', 'Jam ke 2-5'),
(531, 5, 'Jum\'at', 34, 'XI ULP 1', 38, 'Anita Tri Setiani, S.Pd', 'Jam ke 6-7'),
(532, 5, 'Jum\'at', 34, 'XI ULP 1', 51, 'Nelda Susanti, S.Pd', 'Jam ke 8'),
(533, 5, 'Jum\'at', 34, 'XI ULP 1', 54, 'Alekka Hermawan, S.Pd', 'Jam ke 9-10'),
(534, 1, 'Senin', 35, 'XI ULP 2', 47, 'Martalinda, S.Pd', 'Jam ke 2-5'),
(535, 1, 'Senin', 35, 'XI ULP 2', 95, 'Damaiyanti, S.S', 'Jam ke 6-9'),
(536, 1, 'Senin', 35, 'XI ULP 2', 38, 'Anita Tri Setiani, S.Pd', 'Jam ke 10-11'),
(537, 2, 'Selasa', 35, 'XI ULP 2', 2, 'Drs. Ismatullah', 'Jam ke 1-3'),
(538, 2, 'Selasa', 35, 'XI ULP 2', 54, 'Alekka Hermawan, S.Pd', 'Jam ke 4-5'),
(539, 2, 'Selasa', 35, 'XI ULP 2', 51, 'Nelda Susanti, S.Pd', 'Jam ke 6'),
(540, 2, 'Selasa', 35, 'XI ULP 2', 97, 'Sugeng, S.Pd', 'Jam ke 7-10'),
(541, 3, 'Rabu', 35, 'XI ULP 2', 100, 'Indy Az Zahra A.Md.Par', 'Jam ke 1-4'),
(542, 3, 'Rabu', 35, 'XI ULP 2', 99, 'Putri Auggraini, S.S', 'Jam ke 5-10'),
(543, 4, 'Kamis', 35, 'XI ULP 2', 17, 'Gina Anggriana, S.Pd', 'Jam ke 1'),
(544, 4, 'Kamis', 35, 'XI ULP 2', 81, 'Ria Handayani, S.E', 'Jam ke 2-6'),
(545, 4, 'Kamis', 35, 'XI ULP 2', 100, 'Indy Az Zahra A.Md.Par', 'Jam ke 7-10'),
(546, 5, 'Jum\'at', 35, 'XI ULP 2', 27, 'Novilia S.Pd', 'Jam ke 2-4'),
(547, 5, 'Jum\'at', 35, 'XI ULP 2', 145, 'Falahudin, S.Pd.', 'Jam ke 5'),
(548, 5, 'Jum\'at', 35, 'XI ULP 2', 9, 'Dwipa Fredy Putri, M.Pd.', 'Jam ke 6-7'),
(549, 5, 'Jum\'at', 35, 'XI ULP 2', 22, 'Andhita Marcelia, S.Pd', 'Jam ke 8-10'),
(550, 1, 'Senin', 36, 'XI TJKT 1', 109, 'Edi Herinanto, S.Kom', 'Jam ke 1-8'),
(551, 1, 'Senin', 36, 'XI TJKT 1', 148, 'Yunita Sari, S.Pd', 'Jam ke 9'),
(552, 1, 'Senin', 36, 'XI TJKT 1', 14, 'Corry Lusia Sinaga S.E', 'Jam ke 10-11'),
(553, 2, 'Selasa', 36, 'XI TJKT 1', 17, 'Gina Anggriana, S.Pd', 'Jam ke 1-3'),
(554, 2, 'Selasa', 36, 'XI TJKT 1', 109, 'Edi Herinanto, S.Kom', 'Jam ke 4-10'),
(555, 3, 'Rabu', 36, 'XI TJKT 1', 55, 'Yuli Seti Purwaningsih, S.Pd', 'Jam ke 1 & 4-5'),
(556, 3, 'Rabu', 36, 'XI TJKT 1', 137, 'Dani Rudiyansah, S.Pd.', 'Jam ke 2'),
(557, 3, 'Rabu', 36, 'XI TJKT 1', 113, 'Supriyatno, S.Kom', 'Jam ke 5-8'),
(558, 3, 'Rabu', 36, 'XI TJKT 1', 39, 'Meri Susanti, M.Pd', 'Jam ke 9-10'),
(559, 4, 'Kamis', 36, 'XI TJKT 1', 45, 'Nuril Astuti, S.Pd', 'Jam ke 1-4'),
(560, 4, 'Kamis', 36, 'XI TJKT 1', 4, 'Asvedia S.Pd.I', 'Jam ke 5-7'),
(561, 4, 'Kamis', 36, 'XI TJKT 1', 33, 'Utari Rezki, S.Pd', 'Jam ke 8-10'),
(562, 5, 'Jum\'at', 36, 'XI TJKT 1', 81, 'Ria Handayani, S.E', 'Jam ke 2-6'),
(563, 5, 'Jum\'at', 36, 'XI TJKT 1', 113, 'Supriyatno, S.Kom', 'Jam ke 7-10'),
(564, 1, 'Senin', 37, 'XI TJKT 2', 9, 'Dwipa Fredy Putri, M.Pd.', 'Jam ke 2-3'),
(565, 1, 'Senin', 37, 'XI TJKT 2', 113, 'Supriyatno, S.Kom', 'Jam ke 4-11'),
(566, 2, 'Selasa', 37, 'XI TJKT 2', 113, 'Supriyatno, S.Kom', 'Jam ke 1-4'),
(567, 2, 'Selasa', 37, 'XI TJKT 2', 116, 'Novi Anita S.Kom', 'Jam ke 5-9'),
(568, 2, 'Selasa', 37, 'XI TJKT 2', 114, 'Willy Audika Putri S.Kom', 'Jam ke 10'),
(569, 3, 'Rabu', 37, 'XI TJKT 2', 17, 'Gina Anggriana, S.Pd', 'Jam ke 1-3'),
(570, 3, 'Rabu', 37, 'XI TJKT 2', 4, 'Asvedia S.Pd.I', 'Jam ke 4-6'),
(571, 3, 'Rabu', 37, 'XI TJKT 2', 45, 'Nuril Astuti, S.Pd', 'Jam ke 7-10'),
(572, 4, 'Kamis', 37, 'XI TJKT 2', 33, 'Utari Rezki, S.Pd', 'Jam ke 1-3'),
(573, 4, 'Kamis', 37, 'XI TJKT 2', 39, 'Meri Susanti, M.Pd', 'Jam ke 4-5'),
(574, 4, 'Kamis', 37, 'XI TJKT 2', 51, 'Nelda Susanti, S.Pd', 'Jam ke 6-10'),
(575, 5, 'Jum\'at', 37, 'XI TJKT 2', 116, 'Novi Anita S.Kom', 'Jam ke 2-6'),
(576, 5, 'Jum\'at', 37, 'XI TJKT 2', 58, 'Wiranti Kusparwati, S.Pd', 'Jam ke 7-8'),
(577, 5, 'Jum\'at', 37, 'XI TJKT 2', 35, 'Citra Haningtyas, S.Pd', 'Jam ke 9'),
(578, 5, 'Jum\'at', 37, 'XI TJKT 2', 148, 'Yunita Sari, S.Pd', 'Jam ke 10'),
(579, 1, 'Senin', 38, 'XI TJKT 3', 116, 'Novi Anita S.Kom', 'Jam ke 2-7'),
(580, 1, 'Senin', 38, 'XI TJKT 3', 45, 'Nuril Astuti, S.Pd', 'Jam ke 8-11'),
(581, 2, 'Selasa', 38, 'XI TJKT 3', 51, 'Nelda Susanti, S.Pd', 'Jam ke 1-5'),
(582, 2, 'Selasa', 38, 'XI TJKT 3', 17, 'Gina Anggriana, S.Pd', 'Jam ke 6-8'),
(583, 2, 'Selasa', 38, 'XI TJKT 3', 54, 'Alekka Hermawan, S.Pd', 'Jam ke 9-10'),
(584, 3, 'Rabu', 38, 'XI TJKT 3', 4, 'Asvedia S.Pd.I', 'Jam ke 1-3'),
(585, 3, 'Rabu', 38, 'XI TJKT 3', 116, 'Novi Anita S.Kom', 'Jam ke 4-9'),
(586, 3, 'Rabu', 38, 'XI TJKT 3', 136, 'Dra. Arinalia M.M.', 'Jam ke 10'),
(587, 4, 'Kamis', 38, 'XI TJKT 3', 113, 'Supriyatno, S.Kom', 'Jam ke 1-10'),
(588, 5, 'Jum\'at', 38, 'XI TJKT 3', 35, 'Citra Haningtyas, S.Pd', 'Jam ke 2'),
(589, 5, 'Jum\'at', 38, 'XI TJKT 3', 148, 'Yunita Sari, S.Pd', 'Jam ke 3'),
(590, 5, 'Jum\'at', 38, 'XI TJKT 3', 33, 'Utari Rezki, S.Pd', 'Jam ke 4-6'),
(591, 5, 'Jum\'at', 38, 'XI TJKT 3', 13, 'Yuli Mulyawati, S.Pd', 'Jam ke 7-8'),
(592, 5, 'Jum\'at', 38, 'XI TJKT 3', 39, 'Meri Susanti, M.Pd', 'Jam ke 9-10'),
(593, 1, 'Senin', 39, 'XI DKV 1', 27, 'Mas Azizah, M.Pd', 'Jam ke 2-4'),
(594, 1, 'Senin', 39, 'XI DKV 1', 4, 'Asvedia S.Pd.I', 'Jam ke 5-7'),
(595, 1, 'Senin', 39, 'XI DKV 1', 120, 'Dewi Anggraini, S.Kom', 'Jam ke 8-11'),
(596, 2, 'Selasa', 39, 'XI DKV 1', 136, 'Dra. Arinalia M.M.', 'Jam ke 1'),
(597, 2, 'Selasa', 39, 'XI DKV 1', 59, 'Bema Hayuliani, S.Pd', 'Jam ke 2-3'),
(598, 2, 'Selasa', 39, 'XI DKV 1', 40, 'Citra Rafika Utari, S Pd', 'Jam ke 4-5'),
(599, 2, 'Selasa', 39, 'XI DKV 1', 119, 'Ni Made Novia Rezkianti, S.T', 'Jam ke 6-10'),
(600, 3, 'Rabu', 39, 'XI DKV 1', 117, 'Ratih Windari, S.Kom', 'Jam ke 1-4'),
(601, 3, 'Rabu', 39, 'XI DKV 1', 148, 'Yunita Sari, S.Pd', 'Jam ke 5'),
(602, 3, 'Rabu', 39, 'XI DKV 1', 119, 'Ni Made Novia Rezkianti, S.T', 'Jam ke 6-10'),
(603, 4, 'Kamis', 39, 'XI DKV 1', 20, 'Chandra Kusuma, M.Pd', 'Jam ke 1-3'),
(604, 4, 'Kamis', 39, 'XI DKV 1', 9, 'Dwipa Fredy Putri, M.Pd.', 'Jam ke 4-5'),
(605, 4, 'Kamis', 39, 'XI DKV 1', 37, 'Sandria Febrianti, S.Si', 'Jam ke 6'),
(606, 4, 'Kamis', 39, 'XI DKV 1', 120, 'Dewi Anggraini, S.Kom', 'Jam ke 7-10'),
(607, 5, 'Jum\'at', 39, 'XI DKV 1', 45, 'Nuril Astuti, S.Pd', 'Jam ke 2-5'),
(608, 5, 'Jum\'at', 39, 'XI DKV 1', 119, 'Ni Made Novia Rezkianti, S.T', 'Jam ke 6-10'),
(609, 1, 'Senin', 40, 'XI DKV 2', 119, 'Ni Made Novia Rezkianti, S.T', 'Jam ke 2-11'),
(610, 2, 'Selasa', 40, 'XI DKV 2', 120, 'Dewi Anggraini, S.Kom', 'Jam ke 1-4 & 6-10'),
(611, 2, 'Selasa', 40, 'XI DKV 2', 148, 'Yunita Sari, S.Pd', 'Jam ke 5'),
(612, 3, 'Rabu', 40, 'XI DKV 2', 120, 'Dewi Anggraini, S.Kom', 'Jam ke 1-4'),
(613, 3, 'Rabu', 40, 'XI DKV 2', 55, 'Yuli Seti Purwaningsih, S.Pd', 'Jam ke 5-6'),
(614, 3, 'Rabu', 40, 'XI DKV 2', 46, 'Nani Kurniaty, S.Pd', 'Jam ke 7-10'),
(615, 4, 'Kamis', 40, 'XI DKV 2', 21, 'Resliky Thofan D, S.Pd', 'Jam ke 1-3'),
(616, 4, 'Kamis', 40, 'XI DKV 2', 27, 'Novilia S.Pd', 'Jam ke 4-6'),
(617, 4, 'Kamis', 40, 'XI DKV 2', 118, 'Bayu Alimuddin Sany, S.Kom', 'Jam ke 7-10'),
(618, 5, 'Jum\'at', 40, 'XI DKV 2', 40, 'Citra Rafika Utari, S Pd', 'Jam ke 2-3'),
(619, 5, 'Jum\'at', 40, 'XI DKV 2', 37, 'Sandria Febrianti, S.Si', 'Jam ke 4'),
(620, 5, 'Jum\'at', 40, 'XI DKV 2', 4, 'Asvedia S.Pd.I', 'Jam ke 5-7'),
(621, 5, 'Jum\'at', 40, 'XI DKV 2', 136, 'Dra. Arinalia M.M.', 'Jam ke 8'),
(622, 5, 'Jum\'at', 40, 'XI DKV 2', 12, 'Erfika Kumalasari, M.Pd', 'Jam ke 9-10'),
(623, 1, 'Senin', 41, 'XI PPLG 1', 126, 'Ahmad Eko Saputra, S.Kom.', 'Jam ke 2-5 & 7-11'),
(624, 1, 'Senin', 41, 'XI PPLG 1', 148, 'Yunita Sari, S.Pd', 'Jam ke 6'),
(625, 2, 'Selasa', 41, 'XI PPLG 1', 126, 'Ahmad Eko Saputra, S.Kom.', 'Jam ke 1-4'),
(626, 2, 'Selasa', 41, 'XI PPLG 1', 38, 'Anita Tri Setiani, S.Pd', 'Jam ke 5-6'),
(627, 2, 'Selasa', 41, 'XI PPLG 1', 27, 'Novilia S.Pd', 'Jam ke 7-9'),
(628, 2, 'Selasa', 41, 'XI PPLG 1', 20, 'Chandra Kusuma, M.Pd', 'Jam ke 10'),
(629, 3, 'Rabu', 41, 'XI PPLG 1', 125, 'Dafril Ashadi, S.Kom.', 'Jam ke 1-5'),
(630, 3, 'Rabu', 41, 'XI PPLG 1', 51, 'Nelda Susanti, S.Pd', 'Jam ke 6-10'),
(631, 4, 'Kamis', 41, 'XI PPLG 1', 14, 'Corry Lusia Sinaga S.E', 'Jam ke 1-2'),
(632, 4, 'Kamis', 41, 'XI PPLG 1', 125, 'Dafril Ashadi, S.Kom.', 'Jam ke 3-6'),
(633, 4, 'Kamis', 41, 'XI PPLG 1', 136, 'Dra. Arinalia M.M.', 'Jam ke 7'),
(634, 4, 'Kamis', 41, 'XI PPLG 1', 4, 'Asvedia S.Pd.I', 'Jam ke 8-10'),
(635, 5, 'Jum\'at', 41, 'XI PPLG 1', 21, 'Resliky Thofan D, S.Pd', 'Jam ke 2-4'),
(636, 5, 'Jum\'at', 41, 'XI PPLG 1', 57, 'Ahmad Gempar, S.Pd', 'Jam ke 5-6'),
(637, 5, 'Jum\'at', 41, 'XI PPLG 1', 46, 'Nani Kurniaty, S.Pd', 'Jam ke 7-10'),
(638, 1, 'Senin', 42, 'XI PPLG 2', 4, 'Asvedia S.Pd.I', 'Jam ke 2-4'),
(639, 1, 'Senin', 42, 'XI PPLG 2', 51, 'Nelda Susanti, S.Pd', 'Jam ke 5-9'),
(640, 1, 'Senin', 42, 'XI PPLG 2', 40, 'Citra Rafika Utari, S Pd', 'Jam ke 10-11'),
(641, 2, 'Selasa', 42, 'XI PPLG 2', 21, 'Resliky Thofan D, S.Pd', 'Jam ke 1-3'),
(642, 2, 'Selasa', 42, 'XI PPLG 2', 27, 'Novilia S.Pd', 'Jam ke 4-6'),
(643, 2, 'Selasa', 42, 'XI PPLG 2', 125, 'Dafril Ashadi, S.Kom.', 'Jam ke 7-10'),
(644, 3, 'Rabu', 42, 'XI PPLG 2', 126, 'Ahmad Eko Saputra, S.Kom.', 'Jam ke 1-5'),
(645, 3, 'Rabu', 42, 'XI PPLG 2', 125, 'Dafril Ashadi, S.Kom.', 'Jam ke 6-10'),
(646, 4, 'Kamis', 42, 'XI PPLG 2', 126, 'Ahmad Eko Saputra, S.Kom.', 'Jam ke 1-4 & 7-10'),
(647, 4, 'Kamis', 42, 'XI PPLG 2', 20, 'Chandra Kusuma, M.Pd', 'Jam ke 5'),
(648, 4, 'Kamis', 42, 'XI PPLG 2', 148, 'Yunita Sari, S.Pd', 'Jam ke 6'),
(649, 5, 'Jum\'at', 42, 'XI PPLG 2', 46, 'Nani Kurniaty, S.Pd', 'Jam ke 2-5'),
(650, 5, 'Jum\'at', 42, 'XI PPLG 2', 11, 'Ricadesta Amalia S.Pd', 'Jam ke 6-7'),
(651, 5, 'Jum\'at', 42, 'XI PPLG 2', 144, 'Willy Audika Putri S.Kom', 'Jam ke 8'),
(652, 5, 'Jum\'at', 42, 'XI PPLG 2', 58, 'Wiranti Kusparwati, S.Pd', 'Jam ke 9-10'),
(653, 1, 'Senin', 43, 'XI Pht 1', 29, 'Risfalidah, M.Pd.', 'Jam ke 2-4'),
(654, 1, 'Senin', 43, 'XI Pht 1', 148, 'Yunita Sari, S.Pd', 'Jam ke 5'),
(655, 1, 'Senin', 43, 'XI Pht 1', 101, 'Ahmad Dian Maulid, A.Md.Par, S.E', 'Jam ke 6-11'),
(656, 2, 'Selasa', 43, 'XI Pht 1', 101, 'Ahmad Dian Maulid, A.Md.Par, S.E', 'Jam ke 1-4'),
(657, 2, 'Selasa', 43, 'XI Pht 1', 143, 'Annisa Anggrayani, S.Pd.', 'Jam ke 5'),
(658, 2, 'Selasa', 43, 'XI Pht 1', 52, 'Darmala Sari, S.Pd', 'Jam ke 6-10'),
(659, 3, 'Rabu', 43, 'XI Pht 1', 5, 'Rina Wati, S.Ag', 'Jam ke 1-3'),
(660, 3, 'Rabu', 43, 'XI Pht 1', 20, 'Chandra Kusuma, M.Pd', 'Jam ke 4'),
(661, 3, 'Rabu', 43, 'XI Pht 1', 101, 'Ahmad Dian Maulid, A.Md.Par, S.E', 'Jam ke 5-10'),
(662, 4, 'Kamis', 43, 'XI Pht 1', 101, 'Ahmad Dian Maulid, A.Md.Par, S.E', 'Jam ke 1-6'),
(663, 4, 'Kamis', 43, 'XI Pht 1', 40, 'Citra Rafika Utari, S Pd', 'Jam ke 7-8');
INSERT INTO `tb_jadwal` (`id`, `id_hari`, `nama_hari`, `id_kelas`, `nama_kelas`, `id_guru`, `nama_guru`, `keterangan`) VALUES
(664, 4, 'Kamis', 43, 'XI Pht 1', 57, 'Ahmad Gempar, S.Pd', 'Jam ke 9-10'),
(665, 5, 'Jum\'at', 43, 'XI Pht 1', 13, 'Yuli Mulyawati, S.Pd', 'Jam ke 2-3'),
(666, 5, 'Jum\'at', 43, 'XI Pht 1', 19, 'Carina Aurelia, S.Pd', 'Jam ke 4-6'),
(667, 5, 'Jum\'at', 43, 'XI Pht 1', 97, 'Sugeng, S.Pd', 'Jam ke 7-10'),
(668, 1, 'Senin', 44, 'XI Pht 2', 104, 'Zulfalimi Agustiadi, A.Md.Par', 'Jam ke 2-7'),
(669, 1, 'Senin', 44, 'XI Pht 2', 21, 'Resliky Thofan D, S.Pd', 'Jam ke 8'),
(670, 1, 'Senin', 44, 'XI Pht 2', 5, 'Rina Wati, S.Ag', 'Jam ke 9-11'),
(671, 2, 'Selasa', 44, 'XI Pht 2', 52, 'Yuli Seti Purwaningsih, S.Pd', 'Jam ke 1-5'),
(672, 2, 'Selasa', 44, 'XI Pht 2', 22, 'Andhita Marcelia, S.Pd', 'Jam ke 6-8'),
(673, 2, 'Selasa', 44, 'XI Pht 2', 148, 'Yunita Sari, S.Pd', 'Jam ke 9'),
(674, 2, 'Selasa', 44, 'XI Pht 2', 143, 'Annisa Anggrayani, S.Pd.', 'Jam ke 10'),
(675, 3, 'Rabu', 44, 'XI Pht 2', 97, 'Sugeng, S.Pd', 'Jam ke 1-4'),
(676, 3, 'Rabu', 44, 'XI Pht 2', 104, 'Zulfalimi Agustiadi, A.Md.Par', 'Jam ke 5-10'),
(677, 4, 'Kamis', 44, 'XI Pht 2', 12, 'Erfika Kumalasari, M.Pd', 'Jam ke 1-2'),
(678, 4, 'Kamis', 44, 'XI Pht 2', 54, 'Alekka Hermawan, S.Pd', 'Jam ke 3-4'),
(679, 4, 'Kamis', 44, 'XI Pht 2', 40, 'Citra Rafika Utari, S Pd', 'Jam ke 5-6'),
(680, 4, 'Kamis', 44, 'XI Pht 2', 101, 'Ahmad Dian Maulid, A.Md.Par, S.E', 'Jam ke 7-10'),
(681, 5, 'Jum\'at', 44, 'XI Pht 2', 29, 'Risfalidah, M.Pd.', 'Jam ke 2-4'),
(682, 5, 'Jum\'at', 44, 'XI Pht 2', 108, 'Ovan Ardan, A.Md.Par', 'Jam ke 5-10'),
(683, 1, 'Senin', 45, 'XI Pht 3', 19, 'Carina Aurelia, S.Pd', 'Jam ke 2-4'),
(684, 1, 'Senin', 45, 'XI Pht 3', 105, 'Ilman Hakim, S.Tr. Par.', 'Jam ke 5-6'),
(685, 1, 'Senin', 45, 'XI Pht 3', 52, 'Darmala Sari, S.Pd', 'Jam ke 7-11'),
(686, 2, 'Selasa', 45, 'XI Pht 3', 105, 'Ilman Hakim, S.Tr. Par.', 'Jam ke 1-8'),
(687, 2, 'Selasa', 45, 'XI Pht 3', 143, 'Annisa Anggrayani, S.Pd.', 'Jam ke 9'),
(688, 2, 'Selasa', 45, 'XI Pht 3', 21, 'Resliky Thofan D, S.Pd', 'Jam ke 10'),
(689, 3, 'Rabu', 45, 'XI Pht 3', 9, 'Dwipa Fredy Putri, M.Pd.', 'Jam ke 1-2'),
(690, 3, 'Rabu', 45, 'XI Pht 3', 105, 'Ilman Hakim, S.Tr. Par.', 'Jam ke 3-10'),
(691, 4, 'Kamis', 45, 'XI Pht 3', 148, 'Yunita Sari, S.Pd', 'Jam ke 1'),
(692, 4, 'Kamis', 45, 'XI Pht 3', 57, 'Ahmad Gempar, S.Pd', 'Jam ke 2-3'),
(693, 4, 'Kamis', 45, 'XI Pht 3', 55, 'Yuli Seti Purwaningsih, S.Pd', 'Jam ke 4-6'),
(694, 4, 'Kamis', 45, 'XI Pht 3', 107, 'Rama Santika A.Md.Par', 'Jam ke 7-10'),
(695, 5, 'Jum\'at', 45, 'XI Pht 3', 48, 'Dra. Rez Nurlela', 'Jam ke 2-5'),
(696, 5, 'Jum\'at', 45, 'XI Pht 3', 40, 'Citra Rafika Utari, S Pd', 'Jam ke 6-7'),
(697, 5, 'Jum\'at', 45, 'XI Pht 3', 30, 'Nurjanah, M.Pd.', 'Jam ke 8-10'),
(698, 1, 'Senin', 46, 'XI Kul 1', 139, 'Nani Wulandari, S.Pd.', 'Jam ke 2'),
(699, 1, 'Senin', 46, 'XI Kul 1', 131, 'Yan Mulyana A.Md Par.', 'Jam ke 3-8'),
(700, 1, 'Senin', 46, 'XI Kul 1', 21, 'Resliky Thofan D, S.Pd', 'Jam ke 9-11'),
(701, 2, 'Selasa', 46, 'XI Kul 1', 30, 'Nurjanah, M.Pd.', 'Jam ke 1-3'),
(702, 2, 'Selasa', 46, 'XI Kul 1', 148, 'Yunita Sari, S.Pd', 'Jam ke 4'),
(703, 2, 'Selasa', 46, 'XI Kul 1', 21, 'Resliky Thofan D, S.Pd', 'Jam ke 5'),
(704, 2, 'Selasa', 46, 'XI Kul 1', 55, 'Yuli Seti Purwaningsih, S.Pd', 'Jam ke 6-7'),
(705, 2, 'Selasa', 46, 'XI Kul 1', 5, 'Rina Wati, S.Ag', 'Jam ke 8-10'),
(706, 3, 'Rabu', 46, 'XI Kul 1', 132, 'Marydawati Turnip, S.Pd.', 'Jam ke 1-8'),
(707, 3, 'Rabu', 46, 'XI Kul 1', 13, 'Yuli Mulyawati, S.Pd', 'Jam ke 9-10'),
(708, 4, 'Kamis', 46, 'XI Kul 1', 42, 'Wayan Sukanta M.Pd', 'Jam ke 1-4'),
(709, 4, 'Kamis', 46, 'XI Kul 1', 134, 'Ranggi', 'Jam ke 5-8'),
(710, 4, 'Kamis', 46, 'XI Kul 1', 39, 'Meri Susanti, M.Pd', 'Jam ke 9-10'),
(711, 5, 'Jum\'at', 46, 'XI Kul 1', 135, 'lin Mariyanti, S.S', 'Jam ke 2-5'),
(712, 5, 'Jum\'at', 46, 'XI Kul 1', 86, 'Syelfma Octriani, S.Sos', 'Jam ke 6-10'),
(713, 1, 'Senin', 47, 'XI Kul 2', 86, 'Syelfma Octriani, S.Sos', 'Jam ke 2-6'),
(714, 1, 'Senin', 47, 'XI Kul 2', 134, 'Ranggi', 'Jam ke 7-10'),
(715, 1, 'Senin', 47, 'XI Kul 2', 139, 'Nani Wulandari, S.Pd.', 'Jam ke 11'),
(716, 2, 'Selasa', 47, 'XI Kul 2', 148, 'Yunita Sari, S.Pd', 'Jam ke 1'),
(717, 2, 'Selasa', 47, 'XI Kul 2', 5, 'Rina Wati, S.Ag', 'Jam ke 2-4'),
(718, 2, 'Selasa', 47, 'XI Kul 2', 39, 'Meri Susanti, M.Pd', 'Jam ke 5-6'),
(719, 2, 'Selasa', 47, 'XI Kul 2', 42, 'Wayan Sukanta M.Pd', 'Jam ke 7-10'),
(720, 3, 'Rabu', 47, 'XI Kul 2', 24, 'Dra. Sri Wahyuni, M.M', 'Jam ke 1-3'),
(721, 3, 'Rabu', 47, 'XI Kul 2', 54, 'Alekka Hermawan, S.Pd', 'Jam ke 4-5'),
(722, 3, 'Rabu', 47, 'XI Kul 2', 11, 'Ricadesta Amalia S.Pd', 'Jam ke 6-7'),
(723, 3, 'Rabu', 47, 'XI Kul 2', 21, 'Resliky Thofan D, S.Pd', 'Jam ke 8-10'),
(724, 4, 'Kamis', 47, 'XI Kul 2', 135, 'lin Mariyanti, S.S', 'Jam ke 1-4'),
(725, 4, 'Kamis', 47, 'XI Kul 2', 131, 'Yan Mulyana A.Md Par.', 'Jam ke 5-10'),
(726, 5, 'Jum\'at', 47, 'XI Kul 2', 37, 'Sandria Febrianti, S.Si', 'Jam ke 2'),
(727, 5, 'Jum\'at', 47, 'XI Kul 2', 132, 'Marydawati Turnip, S.Pd.', 'Jam ke 3-10'),
(728, 1, 'Senin', 48, 'XI Bus', 129, 'Elizabet Dina Sutanti, S.Pd', 'Jam ke 2-11'),
(729, 2, 'Selasa', 48, 'XI Bus', 58, 'Wiranti Kusparwati, S.Pd', 'Jam ke 1-2'),
(730, 2, 'Selasa', 48, 'XI Bus', 39, 'Meri Susanti, M.Pd', 'Jam ke 3-4'),
(731, 2, 'Selasa', 48, 'XI Bus', 144, 'Dea Aurelia S.Psi.', 'Jam ke 5'),
(732, 2, 'Selasa', 48, 'XI Bus', 148, 'Yunita Sari, S.Pd', 'Jam ke 6'),
(733, 2, 'Selasa', 48, 'XI Bus', 128, 'Ulfi Zakiyah, S.Sn', 'Jam ke 7-10'),
(734, 3, 'Rabu', 48, 'XI Bus', 129, 'Elizabet Dina Sutanti, S.Pd', 'Jam ke 1-8'),
(735, 3, 'Rabu', 48, 'XI Bus', 9, 'Dwipa Fredy Putri, M.Pd.', 'Jam ke 9-10'),
(736, 4, 'Kamis', 48, 'XI Bus', 37, 'Sandria Febrianti, S.Si', 'Jam ke 1'),
(737, 4, 'Kamis', 48, 'XI Bus', 17, 'Gina Anggriana, S.Pd', 'Jam ke 2-4'),
(738, 4, 'Kamis', 48, 'XI Bus', 33, 'Utari Rezki, S.Pd', 'Jam ke 5-7'),
(739, 4, 'Kamis', 48, 'XI Bus', 5, 'Rina Wati, S.Ag', 'Jam ke 8-10'),
(740, 5, 'Jum\'at', 48, 'XI Bus', 47, 'Martalinda, S.Pd', 'Jam ke 2-5'),
(741, 5, 'Jum\'at', 48, 'XI Bus', 52, 'Darmala Sari, S.Pd', 'Jam ke 6-10'),
(742, 1, 'Senin', 49, 'XII AKL 1', 138, 'Maryanah, S.Pd.', 'Jam Ke 2'),
(743, 1, 'senin', 49, 'XII AKL 1', 3, 'Dzuli Kamala, M.Pd.I', 'Jam Ke 3-5'),
(744, 1, 'Senin', 49, 'XII AKL 1', 26, 'Hj. Zahria Hadiyati, S.Pd', 'Jam Ke 6-8'),
(745, 1, 'senin', 49, 'XII AKL 1', 16, 'Diah Indri Safitri, S.Pd', 'Jam Ke 9-11'),
(746, 2, 'Selasa', 49, 'XII AKL 1', 76, 'Putri Ayu Eka Ramadhani, S.Pd, M,Pd', 'Jam Ke 1-5'),
(747, 2, 'Selasa', 49, 'XII AKL 1', 79, 'Agustina Damayanti, S.Pd', 'Jam Ke 6-11'),
(748, 3, 'Rabu', 49, 'XII AKL 1', 65, 'Sumiyati, S.Pd', 'Jam Ke 1-6'),
(749, 3, 'Rabu', 49, 'XII AKL 1', 80, 'Dina Sundari, S.Pd', 'Jam Ke 7-11'),
(750, 4, 'Kamis', 49, 'XII AKL 1', 64, 'Herlina S.Pd', 'Jam Ke 1-6'),
(751, 4, 'Kamis', 49, 'XII AKL 1', 11, 'Ricadesta Amalia S.Pd', 'Jam Ke 7'),
(752, 4, 'Kamis', 49, 'XII AKL 1', 69, 'Sri Mulaydina  S.Pd', 'Jam Ke 8-9'),
(753, 4, 'Kamis', 49, 'XII AKL 1', 148, 'Yunita Sari, S.Pd', 'Jam Ke 10'),
(754, 5, 'Jum\'at', 49, 'XII AKL 1', 9, 'Dwipa Fredy Putri, M.Pd.', 'Jam Ke 2-3'),
(755, 5, 'Jum\'at', 49, 'XII AKL 1', 67, 'Omy Firliany Hanafiah, S.Pd., M.Si', 'Jam Ke 4-6'),
(756, 5, 'Jum\'at', 49, 'XII AKL 1', 44, 'Sukmawati, S.Pd.', 'Jam Ke 7-10'),
(757, 1, 'Senin', 50, 'XII AKL 2', 65, 'Sumiyati, S.Pd', 'Jam Ke 2-7'),
(758, 1, 'Senin', 50, 'XII AKL 2', 148, 'Yunita Sari, S.Pd', 'Jam Ke 8'),
(759, 1, 'Senin', 50, 'XII AKL 2', 3, 'Dzuli Kamala, M.Pd.I', 'Jam Ke 9-11'),
(760, 2, 'Selasa', 50, 'XII AKL 2', 44, 'Sukmawati, S.Pd.', 'Jam Ke 1-4'),
(761, 2, 'Selasa', 50, 'XII AKL 2', 73, 'Martono, S.E', 'Jam Ke 5-10'),
(762, 2, 'Selasa', 50, 'XII AKL 2', 138, 'Maryanah, S.Pd.', 'Jam Ke 11'),
(763, 3, 'Rabu', 50, 'XII AKL 2', 79, 'Agustina Damayanti, S.Pd', 'Jam Ke 1-5'),
(764, 3, 'Rabu', 50, 'XII AKL 2', 16, 'Diah Indri Safitri, S.Pd', 'Jam Ke 6-8'),
(765, 3, 'Rabu', 50, 'XII AKL 2', 26, 'Hj. Zahria Hadiyati, S.Pd', 'Jam Ke 9-11'),
(766, 4, 'Kamis', 50, 'XII AKL 2', 69, 'Sri Mulaydina  S.Pd', 'Jam Ke 1-2'),
(767, 4, 'Kamis', 50, 'XII AKL 2', 10, 'Mas Azizah, M.Pd', 'Jam Ke 3-4'),
(768, 4, 'Kamis', 50, 'XII AKL 2', 66, 'Hj.Yasminarti, S.E.,M.M', 'Jam Ke 5-10'),
(769, 5, 'Jum\'at', 50, 'XII AKL 2', 74, 'Ngatimin, S.E', 'Jam Ke 2-6'),
(770, 5, 'Jum\'at', 50, 'XII AKL 2', 77, 'Dwi Ralimawati, S.Pd', 'Jam Ke 7-9'),
(771, 5, 'Jum\'at', 50, 'XII AKL 2', 32, 'Cucu Herlina S.Pd', 'Jam Ke 10'),
(772, 1, 'Senin', 51, 'XII AKL 3', 80, 'Dina Sundari, S.Pd', 'Jam Ke 2-7'),
(773, 1, 'Senin', 51, 'XII AKL 3', 32, 'Cucu Herlina S.Pd', 'Jam Ke 8'),
(774, 1, 'Senin', 51, 'XII AKL 3', 2, 'Dzuli Kamala, M.Pd.I', 'Jam Ke 9-11'),
(775, 2, 'Selasa', 51, 'XII AKL 3', 81, 'Ria Handayani, S.E', 'Jam Ke 1-5'),
(776, 2, 'Selasa', 51, 'XII AKL 3', 67, 'Omy Firliany Hanafiah, S.Pd., M.Si', 'Jam Ke 6-8'),
(777, 2, 'Selasa', 51, 'XII AKL 3', 28, 'Marlena S.Pd.', 'Jam Ke 9-11'),
(778, 3, 'Rabu', 51, 'XII AKL 3', 69, 'Sri Mulaydina  S.Pd', 'Jam Ke 1-2'),
(779, 3, 'Rabu', 51, 'XII AKL 3', 43, 'Dicky Sapto Tejo, S.Pd', 'Jam Ke 3-6'),
(780, 3, 'Rabu', 51, 'XII AKL 3', 76, 'Putri Ayu Eka Ramadhani, S.Pd, M,Pd', 'Jam Ke 7-11'),
(781, 4, 'Kamis', 51, 'XII AKL 3', 65, 'Sumiyati, S.Pd', 'Jam Ke 1-6'),
(782, 4, 'Kamis', 51, 'XII AKL 3', 148, 'Yunita Sari, S.Pd', 'Jam Ke 7-11'),
(783, 4, 'Kamis', 51, 'XII AKL 3', 11, 'Ricadesta Amalia S.Pd', 'Jam Ke 8-9'),
(784, 4, 'Kamis', 51, 'XII AKL 3', 138, 'Maryanah, S.Pd.', 'Jam Ke 10'),
(785, 5, 'Jum\'at', 51, 'XII AKL 3', 16, 'Diah Indri Safitri, S.Pd', 'Jam Ke 2-4'),
(786, 5, 'Jum\'at', 51, 'XII AKL 3', 64, 'Herlina S.Pd', 'Jam Ke 5-10'),
(787, 1, 'Senin', 52, 'XII AKL 4', 79, 'Agustina Damayanti, S.Pd', 'Jam Ke 2-6'),
(788, 1, 'Senin', 52, 'XII AKL 4', 74, 'Ngatimin, S.E', 'Jam Ke 7-11'),
(789, 2, 'Selasa', 52, 'XII AKL 4', 77, 'Dwi Ralimawati, S.Pd', 'Jam Ke 1-3'),
(790, 2, 'Selasa', 52, 'XII AKL 4', 43, 'Dicky Sapto Tejo, S.Pd', 'Jam Ke 4-7'),
(791, 2, 'Selasa', 52, 'XII AKL 4', 69, 'Sri Mulaydina  S.Pd', 'Jam Ke 8-9'),
(792, 2, 'Selasa', 52, 'XII AKL 4', 148, 'Yunita Sari, S.Pd', 'Jam Ke 10'),
(793, 2, 'Selasa', 52, 'XII AKL 4', 55, 'Yuli Seti Purwaningsih, S.Pd', 'Jam Ke 11'),
(794, 3, 'Rabu', 52, 'XII AKL 4', 70, 'Kartika Sari, S.Pd', 'Jam Ke 1-3'),
(795, 3, 'Rabu', 52, 'XII AKL 4', 11, 'Ricadesta Amalia S.Pd', 'Jam Ke 4-5'),
(796, 3, 'Rabu', 52, 'XII AKL 4', 73, 'Martono, S.E', 'Jam Ke 6-11'),
(797, 4, 'Kamis', 52, 'XII AKL 4', 28, 'Marlena S.Pd.', 'Jam Ke 1-3'),
(798, 4, 'Kamis', 52, 'XII AKL 4', 138, 'Maryanah, S.Pd.', 'Jam Ke 4'),
(799, 4, 'Kamis', 52, 'XII AKL 4', 70, 'Kartika Sari, S.Pd', 'Jam Ke 5-7'),
(800, 4, 'Kamis', 52, 'XII AKL 4', 2, 'Drs. Ismatullah', 'Jam Ke 8-10'),
(801, 5, 'Jum\'at', 52, 'XII AKL 4', 65, 'Sumiyati, S.Pd', 'Jam Ke 2-7'),
(802, 5, 'Jum\'at', 52, 'XII AKL 4', 16, 'Diah Indri Safitri, S.Pd', 'Jam Ke 8-10'),
(803, 1, 'Senin', 53, 'XII AKL 5', 76, 'Putri Ayu Eka Ramadhani, S.Pd, M,Pd', 'Jam Ke 2-6'),
(804, 1, 'Senin', 53, 'XII AKL 5', 32, 'Cucu Herlina S.Pd', 'Jam Ke 7'),
(805, 1, 'Senin', 53, 'XII AKL 5', 47, 'Martalinda, S.Pd', 'Jam Ke 8-11'),
(806, 2, 'Selasa', 53, 'XII AKL 5', 28, 'Marlena S.Pd.', 'Jam Ke 1-3'),
(807, 2, 'Selasa', 53, 'XII AKL 5', 2, 'Drs. Ismatullah', 'Jam Ke 4-6'),
(808, 2, 'Selasa', 53, 'XII AKL 5', 75, 'Reni Usman, S.Pd', 'Jam Ke 7-11'),
(809, 3, 'Rabu', 53, 'XII AKL 5', 10, 'Mas Azizah, M.Pd', 'Jam Ke 1-2'),
(810, 3, 'Rabu', 53, 'XII AKL 5', 69, 'Sri Mulaydina  S.Pd', 'Jam Ke 3-8'),
(811, 3, 'Rabu', 53, 'XII AKL 5', 70, 'Kartika Sari, S.Pd', 'Jam Ke 9-11'),
(812, 4, 'Kamis', 53, 'XII AKL 5', 79, 'Agustina Damayanti, S.Pd', 'Jam Ke 1-6'),
(813, 4, 'Kamis', 53, 'XII AKL 5', 138, 'Maryanah, S.Pd.', 'Jam Ke 7'),
(814, 4, 'Kamis', 53, 'XII AKL 5', 70, 'Kartika Sari, S.Pd', 'Jam Ke 8-10'),
(815, 5, 'Jum\'at', 53, 'XII AKL 5', 148, 'Yunita Sari, S.Pd', 'Jam Ke 2'),
(816, 5, 'Jum\'at', 53, 'XII AKL 5', 69, 'Sri Mulaydina  S.Pd', 'Jam Ke 3-4'),
(817, 5, 'Jum\'at', 53, 'XII AKL 5', 16, 'Diah Indri Safitri, S.Pd', 'Jam Ke 5-7'),
(818, 5, 'Jum\'at', 53, 'XII AKL 5', 67, 'Omy Firliany Hanafiah, S.Pd., M.Si', 'Jam Ke 8-10'),
(819, 1, 'Senin', 54, 'XII MPLB', 83, 'Dra. Hj. Alina', 'Jam Ke 2-6'),
(820, 1, 'Senin', 54, 'XII MPLB', 44, 'Sukmawati, S.Pd.', 'Jam Ke 7-10'),
(821, 1, 'Senin', 54, 'XII MPLB', 148, 'Yunita Sari, S.Pd', 'Jam Ke 11'),
(822, 2, 'Selasa', 54, 'XII MPLB', 9, 'Dwipa Fredy Putri, M.Pd.', 'Jam Ke 1-2'),
(823, 2, 'Selasa', 54, 'XII MPLB', 3, 'Dzuli Kamala, M.Pd.I', 'Jam Ke 3-5'),
(824, 2, 'Selasa', 54, 'XII MPLB', 82, 'Pungky Ayu Lestari, S.Pd', 'Jam Ke 6-11'),
(825, 3, 'Rabu', 54, 'XII MPLB', 25, 'Dra. Hj. Ernita Wati', 'Jam Ke 1-3'),
(826, 3, 'Rabu', 54, 'XII MPLB', 84, 'Hj. Siti Uswatun Khasanah, M.Pd', 'Jam Ke 4-11'),
(827, 4, 'Kamis', 54, 'XII MPLB', 84, 'Hj. Siti Uswatun Khasanah, M.Pd', 'Jam Ke 1-2'),
(828, 4, 'Kamis', 54, 'XII MPLB', 37, 'Sandria Febrianti, S.Si', 'Jam Ke 3'),
(829, 4, 'Kamis', 54, 'XII MPLB', 83, 'Dra. Hj. Alina', 'Jam Ke 4-7'),
(830, 4, 'Kamis', 54, 'XII MPLB', 16, 'Diah Indri Safitri, S.Pd', 'Jam Ke 8-10'),
(831, 5, 'Jum\'at', 54, 'XII MPLB', 84, 'Hj. Siti Uswatun Khasanah, M.Pd', 'Jam Ke 2-9'),
(832, 5, 'Jum\'at', 54, 'XII MPLB', 137, 'Dani Rudiyansah, S.Pd.', 'Jam Ke 10'),
(833, 1, 'Senin', 55, 'XII PM 1', 148, 'Yunita Sari, S.Pd', 'Jam Ke 2'),
(834, 1, 'Senin', 55, 'XII PM 1', 141, 'Laedy Puspita Putri Taupan, S.Pd.', 'Jam Ke 3'),
(835, 1, 'Senin', 55, 'XII PM 1', 94, 'Kemala Saudi Rose S.E, M.M', 'Jam Ke 4-11'),
(836, 2, 'Selasa', 55, 'XII PM 1', 24, 'Dra. Sri Wahyuni, M.M', 'Jam Ke 1-3'),
(837, 2, 'Selasa', 55, 'XII PM 1', 93, 'Dwi Januari Siskasari, S.Pd', 'Jam Ke 4-7'),
(838, 2, 'Selasa', 55, 'XII PM 1', 41, 'Sulasmi, S Pd. M M', 'Jam Ke 8-11'),
(839, 3, 'Rabu', 55, 'XII PM 1', 11, 'Ricadesta Amalia S.Pd', 'Jam Ke 1-2'),
(840, 3, 'Rabu', 55, 'XII PM 1', 88, 'Amelia Vidyastuti, M.Pd', 'Jam Ke 3-7'),
(841, 3, 'Rabu', 55, 'XII PM 1', 34, 'Murniyati, S.Pd', 'Jam Ke 8'),
(842, 3, 'Rabu', 55, 'XII PM 1', 15, 'Handayani, M.Pd', 'Jam Ke 9-11'),
(843, 4, 'Kamis', 55, 'XII PM 1', 93, 'Dwi Januari Siskasari, S.Pd', 'Jam Ke 1-4'),
(844, 4, 'Kamis', 55, 'XII PM 1', 122, 'Hary Widodo, S.Kom', 'Jam Ke 5-10'),
(845, 5, 'Jum\'at', 55, 'XII PM 1', 4, 'Asvedia S.Pd.I', 'Jam Ke 2-4'),
(846, 5, 'Jum\'\'at', 55, 'XII PM 1', 87, 'Noffita Indah Furi, S.E, M.Pd', 'Jam Ke 5-10'),
(847, 1, 'Senin', 56, 'XII PM 2', 88, 'Amelia Vidyastuti, M.Pd', 'Jam Ke 2-6'),
(848, 1, 'Senin', 56, 'XII PM 2', 9, 'Dwipa Fredy Putri, M.Pd.', 'Jam Ke 7-8'),
(849, 1, 'Senin', 56, 'XII PM 2', 24, 'Dra. Sri Wahyuni, M.M', 'Jam Ke 9-11'),
(850, 2, 'Selasa', 56, 'XII PM 2', 16, 'Diah Indri Safitri, S.Pd', 'Jam Ke 1-3'),
(851, 2, 'Selasa', 56, 'XII PM 2', 94, 'Kemala Saudi Rose S.E, M.M', 'Jam Ke 4-11'),
(852, 3, 'Rabu', 56, 'XII PM 2', 34, 'Murniyati, S.Pd', 'Jam Ke 1'),
(853, 3, 'Rabu', 56, 'XII PM 2', 91, 'Adha Marlins S.E', 'Jam Ke 2-7'),
(854, 3, 'Rabu', 56, 'XII PM 2', 41, 'Sulasmi, S Pd. M M', 'Jam Ke 8-11'),
(855, 4, 'Kamis', 56, 'XII PM 2', 4, 'Asvedia S.Pd.I', 'Jam Ke 1-3'),
(856, 4, 'Kamis', 56, 'XII PM 2', 87, 'Noffita Indah Furi, S.E, M.Pd', 'Jam Ke 4-9'),
(857, 4, 'Kamis', 56, 'XII PM 2', 141, 'Laedy Puspita Putri Taupan, S.Pd.', 'Jam Ke 10'),
(858, 5, 'Jum\'at', 56, 'XII PM 2', 93, 'Dwi Januari Siskasari, S.Pd', 'Jam Ke 2-5 & 7-10'),
(859, 5, 'Jum\'at', 56, 'XII PM 2', 148, 'Yunita Sari, S.Pd', 'Jam Ke 6'),
(860, 1, 'Senin', 57, 'XII PM 3', 75, 'Reni Usman, S.Pd', 'Jam Ke 2-7'),
(861, 1, 'Senin', 57, 'XII PM 3 ', 93, 'Dwi Januari Siskasari, S.Pd', 'Jam Ke 8-11'),
(862, 2, 'Selasa', 57, 'XII PM 3', 80, 'Dina Sundari, S.Pd', 'Jam Ke 1'),
(863, 2, 'Selasa', 57, 'XII PM 3', 148, 'Yunita Sari, S.Pd', 'Jam Ke 2'),
(864, 2, 'Selasa', 57, 'XII PM 3', 88, 'Amelia Vidyastuti, M.Pd', 'Jam Ke 3-7'),
(865, 2, 'Selasa', 57, 'XII PM 3', 93, 'Dwi Januari Siskasari, S.Pd', 'Jam Ke 8-11'),
(866, 3, 'Rabu', 57, 'XII PM 3', 87, 'Noffita Indah Furi, S.E, M.Pd', 'Jam Ke 1-6'),
(867, 3, 'Rabu', 57, 'XII PM 3', 4, 'Asvedia S.Pd.I', 'Jam Ke 7-9'),
(868, 3, 'Rabu', 57, 'XII PM 3', 11, 'Ricadesta Amalia S.Pd', 'Jam Ke 10-11'),
(869, 4, 'Kamis', 57, 'XII PM 3', 16, 'Diah Indri Safitri, S.Pd', 'Jam Ke 1-3'),
(870, 4, 'Kamis', 57, 'XII PM 3', 24, 'Dra. Sri Wahyuni, M.M', 'Jam Ke 4-6'),
(871, 4, 'Kamis', 57, 'XII PM 3', 45, 'Nuril Astuti, S.Pd', 'Jam Ke 7-10'),
(872, 5, 'Jum\'at', 57, 'XII PM 3', 94, 'Kemala Saudi Rose S.E, M.M', 'Jam Ke 2-9'),
(873, 5, 'Jum\'at', 57, 'XII PM 3', 141, 'Laedy Puspita Putri Taupan, S.Pd.', 'Jam ke 10'),
(874, 1, 'Senin', 58, 'XII ULP 1', 16, 'Diah Indri Safitri, S.Pd', 'Jam ke 2-4'),
(875, 1, 'Senin', 58, 'XII ULP 1', 99, 'Putri Auggraini, S.S', 'Jam ke 5-11'),
(876, 2, 'Selasa', 58, 'XII ULP 1', 142, 'Martini Indriani, S.Pd.', 'Jam ke 1'),
(877, 2, 'Selasa', 58, 'XII ULP 1', 97, 'Sugeng, S.Pd', 'Jam ke 2-6'),
(878, 2, 'Selasa', 58, 'XII ULP 1', 2, 'Drs. Ismatullah', 'Jam ke 7-9'),
(879, 2, 'Selasa', 58, 'XII ULP 1', 11, 'Ricadesta Amalia S.Pd', 'Jam ke 10-11'),
(880, 3, 'Rabu', 58, 'XII ULP 1', 96, 'Lindaningsili, S.Pd', 'Jam ke 1-6'),
(881, 3, 'Rabu', 58, 'XII ULP 1', 53, 'Yesi Puspitasari, S.Pd', 'Jam ke 7-11'),
(882, 4, 'Kamis', 58, 'XII ULP 1', 47, 'Martalinda, S.Pd', 'Jam ke 1-4'),
(883, 4, 'Kamis', 58, 'XII ULP 1', 95, 'Damaiyanti, S.S', 'Jam ke 5-10'),
(884, 5, 'Jum\'at', 58, 'XII ULP 1', 25, 'Dra. Hj. Ernita Wati', 'Jam ke 2-4'),
(885, 5, 'Jum\'at', 58, 'XII ULP 1', 98, 'Estianti, S.Pd', 'Jam ke 5-8'),
(886, 5, 'Jum\'at', 58, 'XII ULP 1', 148, 'Yunita Sari, S.Pd', 'Jam ke 9'),
(887, 5, 'Jum\'at', 58, 'XII ULP 1', 78, 'Mutiara Iwana S.Pd', 'Jam ke 10'),
(888, 1, 'Senin', 59, 'XII ULP 2', 18, 'Mutiara Iwana S.Pd', 'Jam ke 2-4'),
(889, 1, 'Senin', 59, 'XII ULP 2', 142, 'Martini Indriani, S.Pd.', 'Jam ke 5'),
(890, 1, 'Senin', 59, 'XII ULP 2', 2, 'Drs. Ismatullah', 'Jam ke 6-8'),
(891, 1, 'Senin', 59, 'XII ULP 2', 25, 'Dra. Hj. Ernita Wati', 'Jam ke 9-11'),
(892, 2, 'Selasa', 59, 'XII ULP 2', 99, 'Putri Auggraini, S.S', 'Jam ke 1-6'),
(893, 2, 'Selasa', 59, 'XII ULP 2', 98, 'Estianti, S.Pd', 'Jam ke 7-10'),
(894, 2, 'Selasa', 59, 'XII ULP 2', 148, 'Yunita Sari, S.Pd', 'Jam ke 11'),
(895, 3, 'Rabu', 59, 'XII ULP 2', 53, 'Yesi Puspitasari, S.Pd', 'Jam ke 1-5'),
(896, 3, 'Rabu', 59, 'XII ULP 2', 97, 'Sugeng, S.Pd', 'Jam ke 6-10'),
(897, 3, 'Rabu', 59, 'XII ULP 2', 78, 'Mutiara Iwana S.Pd', 'Jam ke 11'),
(898, 4, 'Kamis', 59, 'XII ULP 2', 96, 'Lindaningsili, S.Pd', 'Jam ke 1-6'),
(899, 4, 'Kamis', 59, 'XII ULP 2', 48, 'Dra. Rez Nurlela', 'Jam ke 7-10'),
(900, 5, 'Jum\'at', 59, 'XII ULP 2', 99, 'Putri Auggraini, S.S', 'Jam ke 2-8'),
(901, 5, 'Jum\'at', 59, 'XII ULP 2', 10, 'Mas Azizah, M.Pd', 'Jam ke 9-10'),
(902, 1, 'Senin', 60, 'XII TJKT 1', 10, 'Mas Azizah, M.Pd', 'Jam ke 2-3'),
(903, 1, 'Senin', 60, 'XII TJKT 1', 112, 'Ayu Jayanti, S.Kom.', 'Jam ke 4-11'),
(904, 2, 'Selasa', 60, 'XII TJKT 1', 85, 'Devita Sari, S.Sos', 'Jam ke 1-5'),
(905, 2, 'Selasa', 60, 'XII TJKT 1', 115, 'Anggi Fratica S.Kom.', 'Jam ke 6-11'),
(906, 3, 'Rabu', 60, 'XII TJKT 1', 42, 'Wayan Sukanta M.Pd', 'Jam ke 1-4'),
(907, 3, 'Rabu', 60, 'XII TJKT 1', 114, 'Willy Audika Putri S.Kom', 'Jam ke 5-11'),
(908, 4, 'Kamis', 60, 'XII TJKT 1', 15, 'Handayani, M.Pd', 'Jam ke 1-3'),
(909, 4, 'Kamis', 60, 'XII TJKT 1', 114, 'Willy Audika Putri S.Kom', 'Jam ke 4-10'),
(910, 5, 'Jum\'at', 60, 'XII TJKT 1', 78, 'Mutiara Iwana S.Pd', 'Jam ke 2'),
(911, 5, 'Jum\'at', 60, 'XII TJKT 1', 139, 'Nani Wulandari, S.Pd.', 'Jam ke 3'),
(912, 5, 'Jum\'at', 60, 'XII TJKT 1', 49, 'Wita Asiyah, S.Pd', 'Jam ke 4'),
(913, 5, 'Jum\'at', 60, 'XII TJKT 1', 26, 'Hj. Zahria Hadiyati, S.Pd', 'Jam ke 5-7'),
(914, 5, 'Jum\'at', 60, 'XII TJKT 1', 5, 'Rina Wati, S.Ag', 'Jam ke 8-10'),
(915, 1, 'Senin', 61, 'XII TJKT 2', 114, 'Willy Audika Putri S.Kom', 'Jam ke 2-7'),
(916, 1, 'Senin', 61, 'XII TJKT 2', 79, 'Agustina Damayanti, S.Pd', 'Jam ke 8'),
(917, 1, 'Senin', 61, 'XII TJKT 2', 139, 'Nani Wulandari, S.Pd.', 'Jam ke 9'),
(918, 1, 'Senin', 61, 'XII TJKT 2', 9, 'Dwipa Fredy Putri, M.Pd.', 'Jam ke 10-11'),
(919, 2, 'Selasa', 61, 'XII TJKT 2', 15, 'Handayani, M.Pd', 'Jam ke 1-3'),
(920, 2, 'Selasa', 61, 'XII TJKT 2', 114, 'Willy Audika Putri S.Kom', 'Jam ke 4-11'),
(921, 3, 'Rabu', 61, 'XII TJKT 2', 26, 'Hj. Zahria Hadiyati, S.Pd', 'Jam ke 1-3'),
(922, 3, 'Rabu', 61, 'XII TJKT 2', 111, 'Junpo, S.Kom', 'Jam ke 4-11'),
(923, 4, 'Kamis', 61, 'XII TJKT 2', 5, 'Rina Wati, S.Ag', 'Jam ke 1-3'),
(924, 4, 'Kamis', 61, 'XII TJKT 2', 112, 'Ayu Jayanti, S.Kom.', 'Jam ke 4-9'),
(925, 4, 'Kamis', 61, 'XII TJKT 2', 49, 'Wita Asiyah, S.Pd', 'Jam ke 10'),
(926, 5, 'Jum\'at', 61, 'XII TJKT 2', 51, 'Nelda Susanti, S.Pd', 'Jam ke 2-6'),
(927, 5, 'Jum\'at', 61, 'XII TJKT 2', 42, 'Wayan Sukanta M.Pd', 'Jam ke 7-10'),
(928, 1, 'Senin', 62, 'XII TJKT 3', 15, 'Handayani, M.Pd', 'Jam ke  2-4'),
(929, 1, 'Senin', 62, 'XII TJKT 3', 49, 'Wita Asiyah, S.Pd', 'Jam ke 5'),
(930, 1, 'Senin', 62, 'XII TJKT 3', 111, 'Junpo, S.Kom', 'Jam ke 6-11'),
(931, 2, 'Selasa', 62, 'XII TJKT 3', 111, 'Junpo, S.Kom', 'Jam ke 1-6'),
(932, 2, 'Selasa', 62, 'XII TJKT 3', 137, 'Dani Rudiyansah, S.Pd.', 'Jam ke 7'),
(933, 2, 'Selasa', 62, 'XII TJKT 3', 45, 'Nuril Astuti, S.Pd', 'Jam ke 8-11'),
(934, 3, 'Rabu', 62, 'XII TJKT 3', 85, 'Devita Sari, S.Sos', 'Jam ke 1-5'),
(935, 3, 'Rabu', 62, 'XII TJKT 3', 5, 'Rina Wati, S.Ag', 'Jam ke 6-8'),
(936, 3, 'Rabu', 62, 'XII TJKT 3', 29, 'Risfalidah, M.Pd.', 'Jam ke 9-11'),
(937, 4, 'Kamis', 62, 'XII TJKT 3', 11, 'Ricadesta Amalia S.Pd', 'Jam ke 1-2'),
(938, 4, 'Kamis', 62, 'XII TJKT 3', 109, 'Edi Herinanto, S.Kom', 'Jam ke 3-10'),
(939, 5, 'Jum\'at', 62, 'XII TJKT 3', 112, 'Ayu Jayanti, S.Kom.', 'Jam ke 2-9'),
(940, 5, 'Jum\'at', 62, 'XII TJKT 3', 49, 'Wita Asiyah, S.Pd', 'Jam ke 10'),
(941, 1, 'Senin', 63, 'XII TJKT 4', 45, 'Nuril Astuti, S.Pd', 'Jam ke 2-5'),
(942, 1, 'Senin', 63, 'XII TJKT 4', 115, 'Anggi Fratica S.Kom.', 'Jam ke  6-11'),
(943, 2, 'Selasa', 63, 'XII TJKT 4', 29, 'Risfalidah, M.Pd.', 'Jam ke  1-3'),
(944, 2, 'Selasa', 63, 'XII TJKT 4', 79, 'Agustina Damayanti, S.Pd', 'Jam ke  4'),
(945, 2, 'Selasa', 63, 'XII TJKT 4', 49, 'Wita Asiyah, S.Pd', 'Jam ke  5'),
(946, 2, 'Selasa', 63, 'XII TJKT 4', 137, 'Dani Rudiyansah, S.Pd.', 'Jam ke  6'),
(947, 2, 'Selasa', 63, 'XII TJKT 4', 85, 'Devita Sari, S.Sos', 'Jam ke  7-11'),
(948, 3, 'Rabu', 63, 'XII TJKT 4', 15, 'Handayani, M.Pd', 'Jam ke 1-3'),
(949, 3, 'Rabu', 63, 'XII TJKT 4', 109, 'Edi Herinanto, S.Kom', 'Jam ke 4-11'),
(950, 4, 'Kamis', 63, 'XII TJKT 4', 9, 'Dwipa Fredy Putri, M.Pd.', 'Jam ke  1-2'),
(951, 4, 'Kamis', 63, 'XII TJKT 4', 111, 'Junpo, S.Kom', 'Jam ke 3-10'),
(952, 5, 'Jum\'at', 63, 'XII TJKT 4', 5, 'Rina Wati, S.Ag', 'Jam ke  2-4'),
(953, 5, 'Jum\'at', 63, 'XII TJKT 4', 114, 'Willy Audika Putri S.Kom', 'Jam ke 5-10'),
(954, 1, 'Senin', 64, 'XII DKV 1', 118, 'Bayu Alimuddin Sany, S.Kom', 'Jam ke 2-7'),
(955, 1, 'Senin', 64, 'XII DKV 1', 42, 'Wayan Sukanta M.Pd', 'Jam ke 8-11'),
(956, 2, 'Selasa', 64, 'XII DKV 1', 27, 'Novilia S.Pd', 'Jam ke 1-3'),
(957, 2, 'Selasa', 64, 'XII DKV 1', 11, 'Ricadesta Amalia S.Pd', 'Jam ke 4-5'),
(958, 2, 'Selasa', 64, 'XII DKV 1', 117, 'Ratih Windari, S.Kom', 'Jam ke 6-10'),
(959, 2, 'Selasa', 64, 'XII DKV 1', 59, 'Bema Hayuliani, S.Pd', 'Jam ke 11'),
(960, 3, 'Rabu', 64, 'XII DKV 1', 122, 'Hary Widodo, S.Kom', 'Jam ke 1-6'),
(961, 3, 'Rabu', 64, 'XII DKV 1', 117, 'Ratih Windari, S.Kom', 'Jam ke 7-11'),
(962, 4, 'Kamis', 64, 'XII DKV 1', 118, 'Bayu Alimuddin Sany, S.Kom', 'Jam ke 1-6'),
(963, 4, 'Kamis', 64, 'XII DKV 1', 59, 'Bema Hayuliani, S.Pd', 'Jam ke 7'),
(964, 4, 'Kamis', 64, 'XII DKV 1', 15, 'Handayani, M.Pd', 'Jam ke 8-10'),
(965, 5, 'Jum\'at', 64, 'XII DKV 1', 118, 'Bayu Alimuddin Sany, S.Kom', 'Jam ke 2-6'),
(966, 5, 'Jum\'at', 64, 'XII DKV 1', 6, 'Nur Fadillah, S.Pd.I', 'Jam ke 7-9'),
(967, 5, 'Jum\'at', 64, 'XII DKV 1', 142, 'Martini Indriani, S.Pd.', 'Jam ke 10'),
(968, 1, 'Senin', 65, 'XII DKV 2', 42, 'Wayan Sukanta M.Pd', 'Jam ke 2-5'),
(969, 1, 'Senin', 65, 'XII DKV 2', 122, 'Ayu Jayanti, S.Kom.', 'Jam ke 6-11'),
(970, 2, 'Selasa', 65, 'XII DKV 2', 118, 'Bayu Alimuddin Sany, S.Kom', 'Jam ke 1-5'),
(971, 2, 'Selasa', 65, 'XII DKV 2', 15, 'Handayani, M.Pd', 'Jam ke 6-8'),
(972, 2, 'Selasa', 65, 'XII DKV 2', 80, 'Dina Sundari, S.Pd', 'Jam ke 9'),
(973, 2, 'Selasa', 65, 'XII DKV 2', 10, 'Mas Azizah, M.Pd', 'Jam ke 10-11'),
(974, 3, 'Rabu', 65, 'XII DKV 2', 118, 'Bayu Alimuddin Sany, S.Kom', 'Jam ke 1-5 & 7-11'),
(975, 3, 'Rabu', 65, 'XII DKV 2', 59, 'Bema Hayuliani, S.Pd', 'Jam ke 6'),
(976, 4, 'Kamis', 65, 'XII DKV 2', 117, 'Ratih Windari, S.Kom', 'Jam ke 1-6'),
(977, 4, 'Kamis', 65, 'XII DKV 2', 142, 'Martini Indriani, S.Pd.', 'Jam ke 7'),
(978, 4, 'Kamis', 65, 'XII DKV 2', 6, 'Nur Fadillah, S.Pd.I', 'Jam ke 8-10'),
(979, 5, 'Jum\'at', 65, 'XII DKV 2', 117, 'Ratih Windari, S.Kom', 'Jam ke 2-7'),
(980, 5, 'Jum\'at', 65, 'XII DKV 2', 27, 'Novilia S.Pd', 'Jam ke 8-10'),
(981, 1, 'Senin', 66, 'XII PPLG', 123, 'Dian Sri Purwanti, S.Kom', 'Jam ke 2-11'),
(982, 2, 'Selasa', 66, 'XII PPLG', 125, 'Dafril Ashadi, S.Kom.', 'Jam ke 1-6'),
(983, 2, 'Selasa', 66, 'XII PPLG', 80, 'Dina Sundari, S.Pd', 'Jam ke 7'),
(984, 2, 'Selasa', 66, 'XII PPLG', 43, 'Dicky Sapto Tejo, S.Pd', 'Jam ke 8-11'),
(985, 3, 'Rabu', 66, 'XII PPLG', 119, 'Ni Made Novia Rezkianti, S.T', 'Jam ke 1-5'),
(986, 3, 'Rabu', 66, 'XII PPLG', 15, 'Handayani, M.Pd', 'Jam ke 6-8'),
(987, 3, 'Rabu', 66, 'XII PPLG', 6, 'Nur Fadillah, S.Pd.I', 'Jam ke 9-11'),
(988, 4, 'Kamis', 66, 'XII PPLG', 137, 'Dani Rudiyansah, S.Pd.', 'Jam ke 1'),
(989, 4, 'Kamis', 66, 'XII PPLG', 123, 'Dian Sri Purwanti, S.Kom', 'Jam ke 2-7'),
(990, 4, 'Kamis', 66, 'XII PPLG', 30, 'Nurjanah, M.Pd.', 'Jam ke 8-10'),
(991, 5, 'Jum\'at', 66, 'XII PPLG', 49, 'Wita Asiyah, S.Pd', 'Jam ke 2'),
(992, 5, 'Jum\'at', 66, 'XII PPLG', 126, 'Ahmad Eko Saputra, S.Kom.', 'Jam ke 3-8'),
(993, 5, 'Jum\'at', 66, 'XII PPLG', 9, 'Dwipa Fredy Putri, M.Pd.', 'Jam ke 9-10'),
(994, 1, 'Senin', 67, 'XII Pht 1', 107, 'Rama Santika A.Md.Par', 'Jam ke 2-7'),
(995, 1, 'Senin', 67, 'XII Pht 1', 104, 'Zulfalimi Agustiadi, A.Md.Par', 'Jam ke 8-11'),
(996, 2, 'Selasa', 67, 'XII Pht 1', 49, 'Wita Asiyah, S.Pd', 'Jam ke 1'),
(997, 2, 'Selasa', 67, 'XII Pht 1', 11, 'Ricadesta Amalia S.Pd', 'Jam ke 2-3'),
(998, 2, 'Selasa', 67, 'XII Pht 1', 106, 'Lasmono, A.Md. Par', 'Jam ke 4-11'),
(999, 3, 'Rabu', 67, 'XII Pht 1', 104, 'Zulfalimi Agustiadi, A.Md.Par', 'Jam ke 1-3'),
(1000, 3, 'Rabu', 67, 'XII Pht 1', 138, 'Maryanah, S.Pd.', 'Jam ke 4'),
(1001, 3, 'Rabu', 67, 'XII Pht 1', 3, 'Dzuli Kamala, M.Pd.I', 'Jam ke 5-7'),
(1002, 3, 'Rabu', 67, 'XII Pht 1', 24, 'Dra. Sri Wahyuni, M.M', 'Jam ke 8-10'),
(1003, 3, 'Rabu', 67, 'XII Pht 1', 55, 'Yuli Seti Purwaningsih, S.Pd', 'Jam ke 11'),
(1004, 4, 'Kamis', 67, 'XII Pht 1', 18, 'Santi Noviyana, S.Pd', 'Jam ke 1-3'),
(1005, 4, 'Kamis', 67, 'XII Pht 1', 105, 'Ilman Hakim, S.Tr. Par.', 'Jam ke 4-5'),
(1006, 4, 'Kamis', 67, 'XII Pht 1', 91, 'Adha Marlins S.E', 'Jam ke 6-10'),
(1007, 5, 'Jum\'at', 67, 'XII Pht 1', 103, 'Agus Riady', 'Jam ke 2-6'),
(1008, 5, 'Jum\'at', 67, 'XII Pht 1', 43, 'Dicky Sapto Tejo, S.Pd', 'Jam ke 7-10'),
(1009, 1, 'Senin', 68, 'XII Pht 2', 24, 'Dra. Sri Wahyuni, M.M', 'Jam ke 2-4'),
(1010, 1, 'Senin', 68, 'XII Pht 2', 18, 'Santi Noviyana, S.Pd', 'Jam ke 5-7'),
(1011, 1, 'Senin', 68, 'XII Pht 2', 48, 'Dra. Rez Nurlela', 'Jam ke 8-11'),
(1012, 2, 'Selasa', 68, 'XII Pht 2', 7, 'Muflihin, S.Pd.', 'Jam ke 1-3'),
(1013, 2, 'Selasa', 68, 'XII Pht 2', 108, 'Ovan Ardan, A.Md.Par', 'Jam ke 4-11'),
(1014, 3, 'Rabu', 68, 'XII Pht 2', 102, 'Insani Rahmawati, S.Tr. Par', 'Jam ke 1-7'),
(1015, 3, 'Rabu', 68, 'XII Pht 2', 137, 'Dani Rudiyansah, S.Pd.', 'Jam ke 8'),
(1016, 3, 'Rabu', 68, 'XII Pht 2', 49, 'Wita Asiyah, S.Pd', 'Jam ke 9'),
(1017, 3, 'Rabu', 68, 'XII Pht 2', 10, 'Mas Azizah, M.Pd', 'Jam ke 10-11'),
(1018, 4, 'Kamis', 68, 'XII Pht 2', 85, 'Devita Sari, S.Sos', 'Jam ke 1-5'),
(1019, 4, 'Kamis', 68, 'XII Pht 2', 105, 'Ilman Hakim, S.Tr. Par.', 'Jam ke 6-10'),
(1020, 5, 'Jum\'at', 68, 'XII Pht 2', 91, 'Adha Marlins S.E', 'Jam ke 2'),
(1021, 5, 'Jum\'at', 68, 'XII Pht 2', 107, 'Rama Santika A.Md.Par', 'Jam ke 3-8'),
(1022, 5, 'Jum\'at', 68, 'XII Pht 2', 103, 'Agus Riady', 'Jam ke 9-10'),
(1023, 1, 'Senin', 69, 'XII Pht 3', 7, 'Muflihin, S.Pd.', 'Jam ke 2-4'),
(1024, 1, 'Senin', 69, 'XII Pht 3', 91, 'Adha Marlins S.E', 'Jam ke 5'),
(1025, 1, 'Senin', 69, 'XII Pht 3', 108, 'Ovan Ardan, A.Md.Par', 'Jam ke 6-11'),
(1026, 2, 'Selasa', 69, 'XII Pht 3', 53, 'Yesi Puspitasari, S.Pd', 'Jam ke 1-5'),
(1027, 2, 'Selasa', 69, 'XII Pht 3', 49, 'Wita Asiyah, S.Pd', 'Jam ke 6'),
(1028, 2, 'Selasa', 69, 'XII Pht 3', 11, 'Ricadesta Amalia S.Pd', 'Jam ke 7-8'),
(1029, 2, 'Selasa', 69, 'XII Pht 3', 18, 'Santi Noviyana, S.Pd', 'Jam ke 9-11'),
(1030, 3, 'Rabu', 69, 'XII Pht 3', 107, 'Rama Santika A.Md.Par', 'Jam ke 1-7'),
(1031, 3, 'Rabu', 69, 'XII Pht 3', 48, 'Dra. Rez Nurlela', 'Jam ke 8-11'),
(1032, 4, 'Kamis', 69, 'XII Pht 3', 24, 'Dra. Sri Wahyuni, M.M', 'Jam ke 1-3'),
(1033, 4, 'Kamis', 69, 'XII Pht 3', 108, 'Ovan Ardan, A.Md.Par', 'Jam ke 4-10'),
(1034, 5, 'Jum\'at', 69, 'XII Pht 3', 137, 'Dani Rudiyansah, S.Pd.', 'Jam ke 2'),
(1035, 5, 'Jum\'at', 69, 'XII Pht 3', 105, 'Ilman Hakim, S.Tr. Par.', 'Jam ke 3-10'),
(1036, 1, 'Senin', 70, 'XII Kul', 92, 'Fasmita, S.E', 'Jam ke 2'),
(1037, 1, 'Senin', 70, 'XII Kul', 133, 'Resdiono', 'Jam ke 3-10'),
(1038, 1, 'Senin', 70, 'XII Kul', 142, 'Martini Indriani, S.Pd.', 'Jam ke 11'),
(1039, 2, 'Selasa', 70, 'XII Kul', 78, 'Mutiara Iwana S.Pd', 'Jam ke 1-5'),
(1040, 2, 'Selasa', 70, 'XII Kul', 18, 'Santi Noviyana, S.Pd', 'Jam ke 6-8'),
(1041, 2, 'Selasa', 70, 'XII Kul', 9, 'Dwipa Fredy Putri, M.Pd.', 'Jam ke 9-10'),
(1042, 2, 'Selasa', 70, 'XII Kul', 49, 'Wita Asiyah, S.Pd', 'Jam ke 11'),
(1043, 3, 'Rabu', 70, 'XII Kul', 8, 'Achmad Bismar W, S.Pd.I', 'Jam ke 1-3'),
(1044, 3, 'Rabu', 70, 'XII Kul', 131, 'Yan Mulyana A.Md Par.', 'Jam ke 4-11'),
(1045, 4, 'Kamis', 70, 'XII Kul', 132, 'Marydawati Turnip, S.Pd.', 'Jam ke 1-6'),
(1046, 4, 'Kamis', 70, 'XII Kul', 44, 'Sukmawati, S.Pd.', 'Jam ke 7-10'),
(1047, 5, 'Jum\'at', 70, 'XII Kul', 30, 'Nurjanah, M.Pd.', 'Jam ke 2-4'),
(1048, 5, 'Jum\'at', 70, 'XII Kul', 131, 'Yan Mulyana A.Md Par.', 'Jam ke 5-10'),
(1049, 1, 'Senin', 71, 'XII Bus', 130, 'Numa Ima  S.Pd', ' Jam ke 2-7'),
(1050, 1, 'Senin', 71, 'XII Bus', 136, 'Dra. Arinalia M.M.', 'Jam ke 8'),
(1051, 1, 'Senin', 71, 'XII Bus', 18, 'Santi Noviyana, S.Pd', 'Jam ke 9-11'),
(1052, 2, 'Selasa', 71, 'XII Bus', 127, 'Meilanza Wardah Hasanah, S.Pd.', 'Jam ke 1-11'),
(1053, 3, 'Rabu', 71, 'XII Bus', 127, 'Meilanza Wardah Hasanah, S.Pd.', 'Jam ke 1-11'),
(1054, 4, 'Kamis', 71, 'XII Bus', 8, 'Achmad Bismar W, S.Pd.I', 'Jam ke 1-3'),
(1055, 4, 'Kamis', 71, 'XII Bus', 11, 'Ricadesta Amalia S.Pd', 'Jam ke 4-5'),
(1056, 4, 'Kamis', 71, 'XII Bus', 86, 'Syelfma Octriani, S.Sos', 'Jam ke 6-10'),
(1057, 5, 'Jum\'at', 71, 'XII Bus', 41, 'Sulasmi, S Pd. M M', 'Jam ke 2-5'),
(1058, 5, 'Jum\'at', 71, 'XII Bus', 49, 'Wita Asiyah, S.Pd', 'Jam ke 6'),
(1059, 5, 'Jum\'at', 71, 'XII Bus', 25, 'Dra. Hj. Ernita Wati', 'Jam ke 7-9'),
(1060, 5, 'Jum\'at', 71, 'XII Bus', 92, 'Fasmita, S.E', 'Jam ke 10');

-- --------------------------------------------------------

--
-- Struktur dari tabel `tb_kelas`
--

CREATE TABLE `tb_kelas` (
  `id_kelas` int(11) NOT NULL,
  `nama_kelas` varchar(20) NOT NULL
) ENGINE=InnoDB DEFAULT CHARSET=latin1;

--
-- Dumping data untuk tabel `tb_kelas`
--

INSERT INTO `tb_kelas` (`id_kelas`, `nama_kelas`) VALUES
(1, 'X AKL 1'),
(2, 'X AKL 2'),
(3, 'X AKL 3'),
(4, 'X AKL 4'),
(5, 'X AKL 5'),
(6, 'X MPLB'),
(7, 'X Pem 1'),
(8, 'X Pem 2'),
(9, 'X ULP 1'),
(10, 'X ULP 2'),
(11, 'X TJKT 1'),
(12, 'X TJKT 2'),
(13, 'X TJKT 3'),
(14, 'X DKV 1'),
(15, 'X DKV 2'),
(16, 'X PPLG 1'),
(17, 'X PPLG 2'),
(18, 'X Pht 1'),
(19, 'X Pht 2'),
(20, 'X Pht 3'),
(21, 'X Kul 1'),
(22, 'X Kul 2'),
(23, 'X Bus 1'),
(24, 'X Bus 2'),
(25, 'XI AKL 1'),
(26, 'XI AKL 2'),
(27, 'XI AKL 3'),
(28, 'XI AKL 4'),
(29, 'XI AKL 5'),
(30, 'XI MPLB'),
(31, 'XI Pem 1'),
(32, 'XI Pem 2'),
(33, 'XI Pem 3'),
(34, 'XI ULP 1'),
(35, 'XI ULP 2'),
(36, 'XI TJKT 1'),
(37, 'XI TJKT 2'),
(38, 'XI TJKT 3'),
(39, 'XI DKV 1'),
(40, 'XI DKV 2'),
(41, 'XI PPLG 1'),
(42, 'XI PPLG 2'),
(43, 'XI Pht 1'),
(44, 'XI Pht 2'),
(45, 'XI Pht 3'),
(46, 'XI Kul 1'),
(47, 'XI Kul 2'),
(48, 'XI Bus'),
(49, 'XII AKL 1'),
(50, 'XII AKL 2'),
(51, 'XII AKL 3'),
(52, 'XII AKL 4'),
(53, 'XII AKL 5'),
(54, 'XII MPLB'),
(55, 'XII PM 1'),
(56, 'XII PM 2'),
(57, 'XII PM 3'),
(58, 'XII ULP 1'),
(59, 'XII ULP 2'),
(60, 'XII TJKT 1'),
(61, 'XII TJKT 2'),
(62, 'XII TJKT 3'),
(63, 'XII TJKT 4'),
(64, 'XII DKV 1'),
(65, 'XII DKV 2'),
(66, 'XII PPLG'),
(67, 'XII Pht 1'),
(68, 'XII Pht 2'),
(69, 'XII Pht 3'),
(70, 'XII Kul'),
(71, 'XII Bus');

-- --------------------------------------------------------

--
-- Struktur dari tabel `tb_users`
--

CREATE TABLE `tb_users` (
  `id` int(11) NOT NULL,
  `username` varchar(100) NOT NULL DEFAULT 'User',
  `password` varchar(225) NOT NULL,
  `session` int(100) NOT NULL,
  `role` varchar(50) NOT NULL DEFAULT 'Admin'
) ENGINE=InnoDB DEFAULT CHARSET=utf8mb4;

--
-- Dumping data untuk tabel `tb_users`
--

INSERT INTO `tb_users` (`id`, `username`, `password`, `session`, `role`) VALUES
(1, 'smkn4bdl', '$2y$10$AtEAlsYB81ztb0xo1wZuVuveym6/c5AtzeeNRW9Ir4/y9MRv.hFWi', 0, 'Admin'),
(7, 'gurupiket', '$2y$10$4WvhjFuoz3kwxjxXyBdFP.WNReXy.JNDsTYkvKPTCD3M0dcRKqsZa', 0, 'Guru Piket');

--
-- Indexes for dumped tables
--

--
-- Indeks untuk tabel `tb_absensi`
--
ALTER TABLE `tb_absensi`
  ADD PRIMARY KEY (`id`);

--
-- Indeks untuk tabel `tb_guru`
--
ALTER TABLE `tb_guru`
  ADD PRIMARY KEY (`id_guru`);

--
-- Indeks untuk tabel `tb_hari`
--
ALTER TABLE `tb_hari`
  ADD PRIMARY KEY (`id_hari`);

--
-- Indeks untuk tabel `tb_jadwal`
--
ALTER TABLE `tb_jadwal`
  ADD PRIMARY KEY (`id`),
  ADD KEY `id_hari` (`id_hari`),
  ADD KEY `id_kelas` (`id_kelas`),
  ADD KEY `id_guru` (`id_guru`);

--
-- Indeks untuk tabel `tb_kelas`
--
ALTER TABLE `tb_kelas`
  ADD PRIMARY KEY (`id_kelas`);

--
-- Indeks untuk tabel `tb_users`
--
ALTER TABLE `tb_users`
  ADD PRIMARY KEY (`id`);

--
-- AUTO_INCREMENT untuk tabel yang dibuang
--

--
-- AUTO_INCREMENT untuk tabel `tb_absensi`
--
ALTER TABLE `tb_absensi`
  MODIFY `id` int(11) NOT NULL AUTO_INCREMENT, AUTO_INCREMENT=87;

--
-- AUTO_INCREMENT untuk tabel `tb_guru`
--
ALTER TABLE `tb_guru`
  MODIFY `id_guru` int(11) NOT NULL AUTO_INCREMENT, AUTO_INCREMENT=155;

--
-- AUTO_INCREMENT untuk tabel `tb_jadwal`
--
ALTER TABLE `tb_jadwal`
  MODIFY `id` int(11) NOT NULL AUTO_INCREMENT, AUTO_INCREMENT=1061;

--
-- AUTO_INCREMENT untuk tabel `tb_kelas`
--
ALTER TABLE `tb_kelas`
  MODIFY `id_kelas` int(11) NOT NULL AUTO_INCREMENT, AUTO_INCREMENT=75;

--
-- AUTO_INCREMENT untuk tabel `tb_users`
--
ALTER TABLE `tb_users`
  MODIFY `id` int(11) NOT NULL AUTO_INCREMENT, AUTO_INCREMENT=8;
COMMIT;

/*!40101 SET CHARACTER_SET_CLIENT=@OLD_CHARACTER_SET_CLIENT */;
/*!40101 SET CHARACTER_SET_RESULTS=@OLD_CHARACTER_SET_RESULTS */;
/*!40101 SET COLLATION_CONNECTION=@OLD_COLLATION_CONNECTION */;
